datetime,open,high,low,close,volume,spread,real_volume
2025-02-19 23:30:00+03:00,22147.64,22150.14,22143.14,22146.84,680,122,0
2025-02-19 23:45:00+03:00,22147.34,22147.34,22144.24,22147.14,217,122,0
2025-02-20 01:00:00+03:00,22153.15,22156.35,22148.25,22154.75,641,110,0
2025-02-20 01:15:00+03:00,22154.95,22156.95,22142.85,22145.95,960,100,0
2025-02-20 01:30:00+03:00,22145.75,22151.45,22143.05,22145.15,765,100,0
2025-02-20 01:45:00+03:00,22145.05,22145.05,22134.15,22139.95,943,100,0
2025-02-20 02:00:00+03:00,22139.95,22142.75,22127.15,22139.05,1153,100,0
2025-02-20 02:15:00+03:00,22138.95,22139.05,22123.35,22128.75,976,100,0
2025-02-20 02:30:00+03:00,22128.85,22139.75,22121.95,22136.05,1129,100,0
2025-02-20 02:45:00+03:00,22136.15,22150.65,22134.75,22149.95,922,100,0
2025-02-20 03:00:00+03:00,22149.55,22151.35,22127.95,22130.75,1187,100,0
2025-02-20 03:15:00+03:00,22130.65,22134.05,22102.85,22114.95,1468,100,0
2025-02-20 03:30:00+03:00,22114.95,22115.15,22094.55,22101.15,2019,110,0
2025-02-20 03:45:00+03:00,22101.15,22101.75,22085.65,22091.95,1716,110,0
2025-02-20 04:00:00+03:00,22091.65,22109.75,22080.25,22106.95,1866,110,0
2025-02-20 04:15:00+03:00,22106.85,22108.35,22095.95,22099.45,1397,100,0
2025-02-20 04:30:00+03:00,22099.65,22107.45,22090.75,22101.75,1706,100,0
2025-02-20 04:45:00+03:00,22100.95,22108.45,22095.45,22107.25,1123,100,0
2025-02-20 05:00:00+03:00,22107.25,22108.05,22101.45,22103.65,974,100,0
2025-02-20 05:15:00+03:00,22103.15,22106.55,22096.75,22105.05,849,100,0
2025-02-20 05:30:00+03:00,22105.15,22113.55,22103.65,22111.25,818,100,0
2025-02-20 05:45:00+03:00,22111.05,22111.95,22100.05,22102.65,768,100,0
2025-02-20 06:00:00+03:00,22102.45,22103.05,22085.85,22093.45,946,100,0
2025-02-20 06:15:00+03:00,22093.65,22105.15,22092.95,22104.95,860,100,0
2025-02-20 06:30:00+03:00,22104.75,22104.95,22096.65,22099.75,724,100,0
2025-02-20 06:45:00+03:00,22099.55,22099.65,22094.05,22098.05,689,100,0
2025-02-20 07:00:00+03:00,22097.75,22100.45,22091.15,22099.05,1002,100,0
2025-02-20 07:15:00+03:00,22099.25,22105.25,22098.95,22101.25,842,100,0
2025-02-20 07:30:00+03:00,22101.25,22102.65,22093.95,22097.05,879,100,0
2025-02-20 07:45:00+03:00,22097.05,22097.05,22091.15,22091.45,576,100,0
2025-02-20 08:00:00+03:00,22091.25,22095.15,22080.75,22089.65,1038,100,0
2025-02-20 08:15:00+03:00,22089.75,22089.75,22066.65,22074.85,1456,110,0
2025-02-20 08:30:00+03:00,22075.15,22083.15,22073.65,22078.65,938,100,0
2025-02-20 08:45:00+03:00,22078.55,22085.25,22074.45,22081.75,784,100,0
2025-02-20 09:00:00+03:00,22081.75,22084.35,22063.15,22076.75,1369,100,0
2025-02-20 09:15:00+03:00,22077.25,22086.95,22073.15,22086.75,1166,110,0
2025-02-20 09:30:00+03:00,22086.45,22092.45,22080.45,22083.45,902,100,0
2025-02-20 09:45:00+03:00,22083.55,22083.75,22069.95,22072.15,1240,100,0
2025-02-20 10:00:00+03:00,22072.25,22091.15,22071.45,22086.75,2121,110,0
2025-02-20 10:15:00+03:00,22085.75,22105.65,22077.75,22101.75,1732,110,0
2025-02-20 10:30:00+03:00,22101.85,22105.65,22095.65,22102.35,1442,100,0
2025-02-20 10:45:00+03:00,22102.45,22107.75,22099.45,22105.05,1230,100,0
2025-02-20 11:00:00+03:00,22104.05,22116.65,22097.65,22110.95,1653,100,0
2025-02-20 11:15:00+03:00,22110.95,22116.95,22105.45,22113.45,1313,100,0
2025-02-20 11:30:00+03:00,22113.25,22114.95,22103.35,22109.25,1180,100,0
2025-02-20 11:45:00+03:00,22109.15,22130.25,22107.55,22127.85,1082,100,0
2025-02-20 12:00:00+03:00,22127.65,22142.15,22125.75,22131.55,1309,100,0
2025-02-20 12:15:00+03:00,22131.45,22138.95,22128.65,22135.75,883,100,0
2025-02-20 12:30:00+03:00,22135.65,22136.65,22131.45,22134.75,973,100,0
2025-02-20 12:45:00+03:00,22135.15,22138.15,22126.45,22126.55,999,100,0
2025-02-20 13:00:00+03:00,22126.45,22132.15,22119.75,22124.65,1284,100,0
2025-02-20 13:15:00+03:00,22124.65,22127.25,22112.75,22115.65,1044,100,0
2025-02-20 13:30:00+03:00,22115.75,22117.45,22096.95,22109.75,1535,110,0
2025-02-20 13:45:00+03:00,22109.85,22131.15,22104.65,22108.85,1598,100,0
2025-02-20 14:00:00+03:00,22108.45,22124.55,22096.45,22108.45,2133,110,0
2025-02-20 14:15:00+03:00,22108.45,22114.55,22103.15,22110.45,1649,110,0
2025-02-20 14:30:00+03:00,22110.65,22129.85,22107.85,22126.85,1539,110,0
2025-02-20 14:45:00+03:00,22126.95,22132.45,22116.15,22129.65,1374,100,0
2025-02-20 15:00:00+03:00,22129.45,22133.85,22114.65,22120.95,1608,110,0
2025-02-20 15:15:00+03:00,22120.75,22124.95,22112.45,22115.15,1685,110,0
2025-02-20 15:30:00+03:00,22114.95,22127.35,22110.15,22126.35,2216,110,0
2025-02-20 15:45:00+03:00,22125.95,22130.45,22113.35,22125.65,1907,110,0
2025-02-20 16:00:00+03:00,22125.85,22143.45,22124.75,22139.65,1899,110,0
2025-02-20 16:15:00+03:00,22138.95,22144.35,22125.85,22132.85,2078,110,0
2025-02-20 16:30:00+03:00,22130.35,22145.35,22089.75,22089.75,4470,90,0
2025-02-20 16:45:00+03:00,22088.65,22095.45,21923.35,21932.95,4756,110,0
2025-02-20 17:00:00+03:00,21932.35,21972.25,21873.45,21954.65,4837,110,0
2025-02-20 17:15:00+03:00,21955.85,22025.15,21954.95,22011.15,4516,110,0
2025-02-20 17:30:00+03:00,22009.35,22028.65,21976.85,21981.85,4398,110,0
2025-02-20 17:45:00+03:00,21981.85,21990.35,21898.35,21911.85,4370,100,0
2025-02-20 18:00:00+03:00,21912.45,21998.85,21905.85,21979.85,4348,110,0
2025-02-20 18:15:00+03:00,21980.95,21986.65,21946.35,21981.65,4103,100,0
2025-02-20 18:30:00+03:00,21982.15,21993.25,21938.95,21977.65,3989,100,0
2025-02-20 18:45:00+03:00,21977.65,21980.15,21948.45,21952.75,3684,90,0
2025-02-20 19:00:00+03:00,21952.25,22005.65,21946.05,21996.45,3762,90,0
2025-02-20 19:15:00+03:00,21996.95,22009.75,21989.45,22001.95,3448,90,0
2025-02-20 19:30:00+03:00,22002.25,22020.25,21997.75,22016.25,3151,90,0
2025-02-20 19:45:00+03:00,22015.95,22015.95,21962.45,21962.45,3434,90,0
2025-02-20 20:00:00+03:00,21961.25,21990.75,21950.65,21988.75,3424,90,0
2025-02-20 20:15:00+03:00,21988.25,21990.25,21952.75,21967.25,3301,90,0
2025-02-20 20:30:00+03:00,21964.95,21987.45,21960.55,21985.75,3164,90,0
2025-02-20 20:45:00+03:00,21984.95,21999.45,21967.95,21990.45,3063,90,0
2025-02-20 21:00:00+03:00,21989.45,22024.05,21984.95,22020.95,3037,90,0
2025-02-20 21:15:00+03:00,22020.95,22033.75,22013.35,22016.95,2988,90,0
2025-02-20 21:30:00+03:00,22016.95,22018.95,21978.55,22002.25,3340,90,0
2025-02-20 21:45:00+03:00,22002.55,22049.85,21999.75,22039.05,3355,90,0
2025-02-20 22:00:00+03:00,22039.95,22044.25,22015.25,22022.25,3319,90,0
2025-02-20 22:15:00+03:00,22022.25,22043.35,22007.25,22024.45,3437,90,0
2025-02-20 22:30:00+03:00,22024.55,22041.45,22014.45,22039.25,3326,90,0
2025-02-20 22:45:00+03:00,22039.55,22070.15,22030.95,22068.15,3889,90,0
2025-02-20 23:00:00+03:00,22069.54,22071.54,22043.54,22044.64,2594,122,0
2025-02-20 23:15:00+03:00,22044.54,22058.84,22041.24,22058.54,939,122,0
2025-02-20 23:30:00+03:00,22058.54,22064.34,22057.04,22061.34,657,122,0
2025-02-20 23:45:00+03:00,22060.84,22063.54,22058.04,22059.04,292,122,0
2025-02-21 01:00:00+03:00,22081.15,22087.15,22072.55,22081.75,637,110,0
2025-02-21 01:15:00+03:00,22082.45,22086.95,22072.45,22077.95,851,100,0
2025-02-21 01:30:00+03:00,22077.75,22103.55,22077.75,22100.25,1112,110,0
2025-02-21 01:45:00+03:00,22100.15,22100.95,22090.75,22091.85,950,100,0
2025-02-21 02:00:00+03:00,22091.55,22098.05,22083.55,22097.55,1148,100,0
2025-02-21 02:15:00+03:00,22096.95,22098.95,22080.15,22085.45,947,100,0
2025-02-21 02:30:00+03:00,22085.05,22088.05,22078.05,22080.25,969,100,0
2025-02-21 02:45:00+03:00,22079.75,22086.75,22077.45,22085.45,902,100,0
2025-02-21 03:00:00+03:00,22084.95,22090.75,22072.75,22075.15,1220,100,0
2025-02-21 03:15:00+03:00,22075.25,22076.95,22063.25,22066.95,1355,110,0
2025-02-21 03:30:00+03:00,22066.45,22083.75,22057.45,22077.55,1833,110,0
2025-02-21 03:45:00+03:00,22077.75,22080.65,22070.45,22070.55,1471,100,0
2025-02-21 04:00:00+03:00,22070.95,22081.55,22068.95,22081.55,1111,100,0
2025-02-21 04:15:00+03:00,22081.35,22083.45,22074.35,22075.05,956,100,0
2025-02-21 04:30:00+03:00,22075.05,22079.05,22072.95,22075.05,885,100,0
2025-02-21 04:45:00+03:00,22075.15,22087.75,22073.85,22081.35,892,100,0
2025-02-21 05:00:00+03:00,22081.35,22082.05,22075.05,22080.05,740,100,0
2025-02-21 05:15:00+03:00,22080.35,22084.65,22077.85,22081.65,753,100,0
2025-02-21 05:30:00+03:00,22081.55,22081.55,22071.45,22073.45,839,100,0
2025-02-21 05:45:00+03:00,22073.05,22075.45,22065.95,22068.85,664,100,0
2025-02-21 06:00:00+03:00,22069.35,22073.05,22066.95,22071.95,510,100,0
2025-02-21 06:15:00+03:00,22071.85,22072.55,22060.65,22063.15,507,100,0
2025-02-21 06:30:00+03:00,22063.15,22063.15,22058.95,22060.05,567,100,0
2025-02-21 06:45:00+03:00,22060.15,22060.55,22052.85,22055.35,717,100,0
2025-02-21 07:00:00+03:00,22055.35,22057.85,22042.55,22050.35,1100,100,0
2025-02-21 07:15:00+03:00,22050.35,22061.85,22050.05,22057.35,852,100,0
2025-02-21 07:30:00+03:00,22057.45,22063.95,22054.65,22060.15,807,100,0
2025-02-21 07:45:00+03:00,22060.15,22060.45,22053.15,22056.45,697,100,0
2025-02-21 08:00:00+03:00,22056.45,22070.85,22055.45,22068.35,800,100,0
2025-02-21 08:15:00+03:00,22068.65,22075.35,22068.05,22072.05,653,100,0
2025-02-21 08:30:00+03:00,22071.85,22081.55,22068.05,22081.05,586,100,0
2025-02-21 08:45:00+03:00,22081.35,22085.45,22077.95,22083.05,638,100,0
2025-02-21 09:00:00+03:00,22083.35,22087.05,22079.15,22082.55,766,100,0
2025-02-21 09:15:00+03:00,22082.35,22089.75,22076.75,22086.25,1124,100,0
2025-02-21 09:30:00+03:00,22086.25,22088.05,22077.25,22080.05,963,100,0
2025-02-21 09:45:00+03:00,22080.35,22080.55,22067.05,22067.25,1063,100,0
2025-02-21 10:00:00+03:00,22067.55,22078.85,22053.95,22067.25,2116,110,0
2025-02-21 10:15:00+03:00,22061.05,22068.35,22035.05,22064.45,2696,110,0
2025-02-21 10:30:00+03:00,22067.25,22077.45,22065.35,22075.55,1705,110,0
2025-02-21 10:45:00+03:00,22075.75,22082.55,22069.25,22078.65,1187,100,0
2025-02-21 11:00:00+03:00,22078.15,22091.75,22071.85,22080.05,1814,110,0
2025-02-21 11:15:00+03:00,22080.35,22093.05,22078.25,22087.35,1297,110,0
2025-02-21 11:30:00+03:00,22087.35,22100.15,22083.65,22097.95,1333,100,0
2025-02-21 11:45:00+03:00,22098.15,22099.95,22093.85,22098.55,1088,100,0
2025-02-21 12:00:00+03:00,22098.45,22100.65,22088.05,22097.95,1011,100,0
2025-02-21 12:15:00+03:00,22098.35,22106.25,22097.95,22100.65,1053,100,0
2025-02-21 12:30:00+03:00,22100.85,22100.95,22091.15,22094.15,1064,100,0
2025-02-21 12:45:00+03:00,22094.35,22100.35,22088.15,22100.15,1223,100,0
2025-02-21 13:00:00+03:00,22099.85,22104.85,22096.75,22099.15,967,100,0
2025-02-21 13:15:00+03:00,22099.35,22100.95,22093.55,22095.15,700,100,0
2025-02-21 13:30:00+03:00,22094.85,22098.35,22083.75,22087.65,805,100,0
2025-02-21 13:45:00+03:00,22087.35,22096.55,22087.15,22095.55,967,100,0
2025-02-21 14:00:00+03:00,22095.45,22113.65,22087.55,22109.05,2085,100,0
2025-02-21 14:15:00+03:00,22109.25,22141.35,22108.75,22137.55,1895,110,0
2025-02-21 14:30:00+03:00,22137.55,22149.55,22132.85,22149.35,1492,110,0
2025-02-21 14:45:00+03:00,22149.35,22150.35,22140.75,22147.75,1237,100,0
2025-02-21 15:00:00+03:00,22147.75,22155.65,22138.25,22150.65,1703,110,0
2025-02-21 15:15:00+03:00,22150.75,22160.85,22144.35,22150.05,1676,110,0
2025-02-21 15:30:00+03:00,22150.25,22171.85,22146.25,22171.55,1821,110,0
2025-02-21 15:45:00+03:00,22171.35,22175.85,22154.35,22154.85,1596,110,0
2025-02-21 16:00:00+03:00,22152.75,22167.35,22142.75,22156.25,2547,110,0
2025-02-21 16:15:00+03:00,22156.15,22162.15,22114.75,22114.75,2443,110,0
2025-02-21 16:30:00+03:00,22116.95,22117.55,22029.05,22051.96,4711,110,0
2025-02-21 16:45:00+03:00,22058.06,22082.15,22017.15,22026.55,4678,110,0
2025-02-21 17:00:00+03:00,21992.05,22041.15,21981.35,22008.25,4748,110,0
2025-02-21 17:15:00+03:00,22009.15,22023.35,21922.85,21937.15,4746,110,0
2025-02-21 17:30:00+03:00,21936.65,21950.15,21872.65,21873.15,4613,110,0
2025-02-21 17:45:00+03:00,21872.35,21937.55,21872.35,21937.35,4424,100,0
2025-02-21 18:00:00+03:00,21938.65,21951.75,21895.35,21945.85,4383,110,0
2025-02-21 18:15:00+03:00,21946.15,21960.25,21915.15,21923.65,4154,100,0
2025-02-21 18:30:00+03:00,21923.65,21953.25,21912.85,21917.95,4040,100,0
2025-02-21 18:45:00+03:00,21918.15,21927.85,21891.15,21909.35,4041,100,0
2025-02-21 19:00:00+03:00,21909.35,21928.95,21875.45,21882.45,3848,100,0
2025-02-21 19:15:00+03:00,21882.65,21886.85,21818.85,21859.15,4143,100,0
2025-02-21 19:30:00+03:00,21859.65,21864.65,21802.85,21825.85,4061,100,0
2025-02-21 19:45:00+03:00,21825.65,21826.45,21768.85,21782.85,4132,100,0
2025-02-21 20:00:00+03:00,21782.65,21784.75,21714.65,21742.85,4423,110,0
2025-02-21 20:15:00+03:00,21742.75,21772.15,21724.25,21727.85,4280,100,0
2025-02-21 20:30:00+03:00,21727.85,21780.15,21703.85,21721.25,4471,110,0
2025-02-21 20:45:00+03:00,21721.65,21729.65,21694.35,21702.65,4120,100,0
2025-02-21 21:00:00+03:00,21704.15,21714.75,21677.05,21706.05,4221,110,0
2025-02-21 21:15:00+03:00,21705.55,21705.85,21601.35,21610.85,4176,100,0
2025-02-21 21:30:00+03:00,21606.65,21653.35,21599.65,21626.25,4368,110,0
2025-02-21 21:45:00+03:00,21624.65,21649.15,21605.05,21618.05,4255,110,0
2025-02-21 22:00:00+03:00,21616.65,21641.15,21604.65,21624.35,4161,100,0
2025-02-21 22:15:00+03:00,21624.15,21645.85,21614.35,21632.45,4024,100,0
2025-02-21 22:30:00+03:00,21637.15,21650.15,21599.65,21605.15,4040,100,0
2025-02-21 22:45:00+03:00,21605.95,21634.65,21594.15,21613.05,4218,100,0
2025-02-21 23:00:00+03:00,21613.15,21629.14,21607.14,21614.74,2960,110,0
2025-02-21 23:15:00+03:00,21614.74,21619.74,21606.94,21607.04,1154,122,0
2025-02-21 23:30:00+03:00,21606.74,21613.14,21595.24,21597.54,1086,122,0
2025-02-21 23:45:00+03:00,21599.04,21604.44,21596.14,21602.24,450,132,0
2025-02-24 01:00:00+03:00,21649.85,21680.15,21641.25,21678.45,1593,120,0
2025-02-24 01:15:00+03:00,21678.65,21691.65,21674.65,21683.95,1931,120,0
2025-02-24 01:30:00+03:00,21683.85,21711.25,21682.85,21707.15,1494,110,0
2025-02-24 01:45:00+03:00,21706.45,21707.75,21684.45,21694.75,1661,110,0
2025-02-24 02:00:00+03:00,21694.45,21711.75,21693.65,21704.15,1762,110,0
2025-02-24 02:15:00+03:00,21704.15,21729.75,21697.95,21723.95,2065,110,0
2025-02-24 02:30:00+03:00,21723.85,21724.95,21694.45,21713.25,1879,110,0
2025-02-24 02:45:00+03:00,21713.75,21717.65,21687.95,21700.75,1970,110,0
2025-02-24 03:00:00+03:00,21699.95,21712.65,21694.65,21707.55,1573,110,0
2025-02-24 03:15:00+03:00,21707.65,21710.05,21690.25,21692.05,1945,110,0
2025-02-24 03:30:00+03:00,21692.15,21696.65,21673.85,21693.05,2314,110,0
2025-02-24 03:45:00+03:00,21693.45,21699.45,21671.15,21682.65,1953,110,0
2025-02-24 04:00:00+03:00,21682.75,21711.15,21677.45,21709.25,2002,110,0
2025-02-24 04:15:00+03:00,21709.15,21712.45,21707.25,21711.35,1385,100,0
2025-02-24 04:30:00+03:00,21711.35,21715.85,21706.75,21709.05,1341,100,0
2025-02-24 04:45:00+03:00,21708.95,21719.65,21707.95,21714.95,1365,100,0
2025-02-24 05:00:00+03:00,21715.95,21722.95,21708.95,21711.25,1237,100,0
2025-02-24 05:15:00+03:00,21712.05,21713.95,21704.55,21710.45,1098,100,0
2025-02-24 05:30:00+03:00,21709.85,21722.65,21703.35,21722.15,1161,100,0
2025-02-24 05:45:00+03:00,21722.05,21726.45,21717.95,21725.05,1001,100,0
2025-02-24 06:00:00+03:00,21725.25,21733.15,21717.75,21719.15,970,100,0
2025-02-24 06:15:00+03:00,21719.45,21726.75,21717.45,21723.95,645,100,0
2025-02-24 06:30:00+03:00,21724.05,21724.45,21713.35,21721.45,657,100,0
2025-02-24 06:45:00+03:00,21721.45,21723.05,21709.25,21712.65,632,100,0
2025-02-24 07:00:00+03:00,21712.65,21718.05,21708.45,21713.25,1016,100,0
2025-02-24 07:15:00+03:00,21713.45,21725.35,21713.45,21721.75,1007,100,0
2025-02-24 07:30:00+03:00,21722.95,21736.05,21721.95,21734.15,901,100,0
2025-02-24 07:45:00+03:00,21734.25,21735.05,21720.85,21727.55,891,100,0
2025-02-24 08:00:00+03:00,21727.35,21730.65,21723.55,21729.55,950,100,0
2025-02-24 08:15:00+03:00,21729.65,21735.35,21726.05,21731.25,773,100,0
2025-02-24 08:30:00+03:00,21731.15,21731.95,21716.05,21719.95,1078,100,0
2025-02-24 08:45:00+03:00,21720.25,21722.55,21709.95,21719.85,1143,110,0
2025-02-24 09:00:00+03:00,21719.55,21727.45,21702.05,21709.65,1845,110,0
2025-02-24 09:15:00+03:00,21708.25,21711.45,21688.15,21692.45,1838,120,0
2025-02-24 09:30:00+03:00,21692.25,21700.05,21674.25,21674.25,1682,110,0
2025-02-24 09:45:00+03:00,21674.25,21693.95,21666.25,21691.25,1792,110,0
2025-02-24 10:00:00+03:00,21691.35,21695.65,21645.15,21657.55,3125,110,0
2025-02-24 10:15:00+03:00,21657.25,21680.75,21636.25,21673.95,2975,120,0
2025-02-24 10:30:00+03:00,21674.65,21681.65,21652.15,21679.75,2643,120,0
2025-02-24 10:45:00+03:00,21679.75,21713.15,21678.65,21710.15,2259,110,0
2025-02-24 11:00:00+03:00,21709.75,21743.45,21704.45,21728.05,2871,120,0
2025-02-24 11:15:00+03:00,21726.05,21746.65,21720.95,21741.05,2093,110,0
2025-02-24 11:30:00+03:00,21741.45,21745.95,21716.45,21722.75,1887,110,0
2025-02-24 11:45:00+03:00,21722.65,21728.45,21710.75,21717.05,1759,110,0
2025-02-24 12:00:00+03:00,21716.95,21721.25,21700.75,21716.65,1746,110,0
2025-02-24 12:15:00+03:00,21716.95,21717.55,21697.25,21699.95,1373,110,0
2025-02-24 12:30:00+03:00,21699.95,21706.95,21691.65,21700.25,1412,110,0
2025-02-24 12:45:00+03:00,21700.45,21705.45,21692.25,21697.35,1325,110,0
2025-02-24 13:00:00+03:00,21697.45,21709.75,21683.25,21699.35,2185,110,0
2025-02-24 13:15:00+03:00,21699.35,21714.45,21698.95,21713.45,1295,100,0
2025-02-24 13:30:00+03:00,21713.75,21721.35,21708.95,21710.35,1166,100,0
2025-02-24 13:45:00+03:00,21708.45,21712.45,21695.55,21712.45,1503,110,0
2025-02-24 14:00:00+03:00,21711.35,21711.65,21676.85,21678.65,2258,110,0
2025-02-24 14:15:00+03:00,21678.75,21701.25,21678.75,21688.35,2008,110,0
2025-02-24 14:30:00+03:00,21688.85,21707.95,21686.75,21688.45,1806,110,0
2025-02-24 14:45:00+03:00,21688.45,21698.25,21674.65,21696.95,2327,110,0
2025-02-24 15:00:00+03:00,21696.25,21710.05,21691.95,21700.85,2105,110,0
2025-02-24 15:15:00+03:00,21700.95,21717.85,21698.45,21713.35,2078,110,0
2025-02-24 15:30:00+03:00,21713.55,21724.75,21706.45,21724.75,2168,110,0
2025-02-24 15:45:00+03:00,21724.45,21737.05,21715.05,21734.05,1811,110,0
2025-02-24 16:00:00+03:00,21733.95,21739.25,21702.45,21710.75,2669,110,0
2025-02-24 16:15:00+03:00,21710.55,21716.45,21669.75,21686.05,2979,110,0
2025-02-24 16:30:00+03:00,21687.15,21735.45,21618.85,21645.95,4851,100,0
2025-02-24 16:45:00+03:00,21645.75,21663.55,21495.75,21501.25,4848,110,0
2025-02-24 17:00:00+03:00,21501.35,21514.25,21371.45,21505.75,4923,110,0
2025-02-24 17:15:00+03:00,21504.95,21517.95,21435.05,21441.45,4782,110,0
2025-02-24 17:30:00+03:00,21445.25,21462.75,21410.75,21413.35,4761,110,0
2025-02-24 17:45:00+03:00,21414.55,21435.85,21378.35,21426.55,4784,110,0
2025-02-24 18:00:00+03:00,21425.85,21469.25,21411.75,21458.55,4547,110,0
2025-02-24 18:15:00+03:00,21458.45,21540.85,21453.95,21527.75,4276,110,0
2025-02-24 18:30:00+03:00,21527.05,21555.45,21487.35,21540.95,4460,100,0
2025-02-24 18:45:00+03:00,21541.25,21558.45,21503.55,21511.35,4344,110,0
2025-02-24 19:00:00+03:00,21510.85,21554.05,21504.25,21527.55,4434,110,0
2025-02-24 19:15:00+03:00,21527.25,21586.85,21525.05,21562.05,4013,100,0
2025-02-24 19:30:00+03:00,21563.05,21586.35,21540.55,21580.35,3769,100,0
2025-02-24 19:45:00+03:00,21581.25,21592.25,21533.85,21539.35,3856,100,0
2025-02-24 20:00:00+03:00,21539.25,21563.35,21535.55,21562.25,3944,100,0
2025-02-24 20:15:00+03:00,21562.05,21594.15,21558.85,21581.85,3828,100,0
2025-02-24 20:30:00+03:00,21582.55,21584.45,21561.65,21578.95,3647,90,0
2025-02-24 20:45:00+03:00,21579.15,21588.65,21529.15,21542.55,3657,90,0
2025-02-24 21:00:00+03:00,21542.55,21573.25,21521.35,21537.05,3717,100,0
2025-02-24 21:15:00+03:00,21535.75,21538.15,21500.55,21504.35,3921,100,0
2025-02-24 21:30:00+03:00,21504.65,21529.15,21490.65,21499.65,3841,100,0
2025-02-24 21:45:00+03:00,21500.15,21507.15,21472.75,21487.35,3742,100,0
2025-02-24 22:00:00+03:00,21487.35,21495.35,21460.85,21488.65,3785,90,0
2025-02-24 22:15:00+03:00,21488.95,21503.05,21454.05,21456.35,4193,90,0
2025-02-24 22:30:00+03:00,21456.35,21488.85,21431.35,21445.65,3923,100,0
2025-02-24 22:45:00+03:00,21445.65,21456.55,21342.85,21356.55,4395,100,0
2025-02-24 23:00:00+03:00,21359.74,21381.14,21341.54,21374.64,3409,132,0
2025-02-24 23:15:00+03:00,21375.14,21376.14,21355.84,21361.84,1630,132,0
2025-02-24 23:30:00+03:00,21362.24,21366.94,21349.94,21355.24,1075,132,0
2025-02-24 23:45:00+03:00,21355.34,21358.34,21352.44,21356.24,366,132,0
2025-02-25 01:00:00+03:00,21372.15,21380.55,21362.35,21364.15,1139,120,0
2025-02-25 01:15:00+03:00,21364.15,21370.25,21357.05,21368.95,1094,110,0
2025-02-25 01:30:00+03:00,21368.85,21371.25,21331.05,21340.85,1844,110,0
2025-02-25 01:45:00+03:00,21340.65,21346.05,21302.85,21321.35,2332,120,0
2025-02-25 02:00:00+03:00,21321.45,21354.75,21321.45,21351.25,2181,110,0
2025-02-25 02:15:00+03:00,21351.45,21385.15,21347.65,21373.55,1702,110,0
2025-02-25 02:30:00+03:00,21373.35,21385.15,21368.65,21378.75,1506,110,0
2025-02-25 02:45:00+03:00,21378.35,21379.75,21367.65,21369.45,1429,110,0
2025-02-25 03:00:00+03:00,21368.95,21385.15,21357.85,21363.35,2100,110,0
2025-02-25 03:15:00+03:00,21363.45,21374.55,21344.95,21360.45,1920,110,0
2025-02-25 03:30:00+03:00,21360.55,21385.65,21360.55,21377.15,2063,110,0
2025-02-25 03:45:00+03:00,21378.15,21380.65,21362.85,21378.35,1326,110,0
2025-02-25 04:00:00+03:00,21378.15,21387.85,21375.85,21381.85,1293,100,0
2025-02-25 04:15:00+03:00,21382.35,21384.15,21333.75,21360.55,1727,110,0
2025-02-25 04:30:00+03:00,21360.85,21373.75,21355.35,21370.65,1531,110,0
2025-02-25 04:45:00+03:00,21370.85,21375.15,21364.15,21374.25,982,110,0
2025-02-25 05:00:00+03:00,21374.15,21380.95,21368.85,21375.35,901,100,0
2025-02-25 05:15:00+03:00,21375.65,21375.65,21366.65,21369.45,980,100,0
2025-02-25 05:30:00+03:00,21369.55,21371.05,21362.45,21366.85,1212,100,0
2025-02-25 05:45:00+03:00,21366.65,21374.85,21363.65,21366.65,918,100,0
2025-02-25 06:00:00+03:00,21366.65,21370.25,21349.65,21359.25,1045,100,0
2025-02-25 06:15:00+03:00,21359.85,21375.65,21359.65,21374.65,887,100,0
2025-02-25 06:30:00+03:00,21374.75,21376.85,21364.15,21364.15,886,100,0
2025-02-25 06:45:00+03:00,21364.25,21366.45,21355.95,21357.75,1076,100,0
2025-02-25 07:00:00+03:00,21357.75,21369.15,21357.75,21366.95,1121,100,0
2025-02-25 07:15:00+03:00,21367.25,21375.45,21366.95,21370.95,783,100,0
2025-02-25 07:30:00+03:00,21370.85,21372.45,21366.15,21369.15,760,100,0
2025-02-25 07:45:00+03:00,21369.25,21377.65,21368.95,21373.15,697,100,0
2025-02-25 08:00:00+03:00,21373.25,21380.45,21365.55,21378.55,838,100,0
2025-02-25 08:15:00+03:00,21378.65,21381.05,21360.55,21363.45,729,100,0
2025-02-25 08:30:00+03:00,21362.85,21367.15,21345.75,21355.95,1397,110,0
2025-02-25 08:45:00+03:00,21356.15,21362.15,21346.75,21357.95,1112,110,0
2025-02-25 09:00:00+03:00,21357.85,21361.15,21320.15,21339.05,1902,110,0
2025-02-25 09:15:00+03:00,21339.15,21349.45,21287.45,21290.45,1859,110,0
2025-02-25 09:30:00+03:00,21292.15,21317.35,21281.95,21309.15,2396,120,0
2025-02-25 09:45:00+03:00,21309.45,21311.85,21246.65,21253.55,2869,120,0
2025-02-25 10:00:00+03:00,21251.35,21340.15,21245.95,21336.65,3572,120,0
2025-02-25 10:15:00+03:00,21336.35,21336.55,21297.55,21304.95,2982,120,0
2025-02-25 10:30:00+03:00,21304.85,21332.05,21295.05,21305.45,2732,120,0
2025-02-25 10:45:00+03:00,21305.65,21319.05,21252.65,21254.15,2799,120,0
2025-02-25 11:00:00+03:00,21256.15,21312.45,21240.15,21308.45,3364,120,0
2025-02-25 11:15:00+03:00,21307.95,21319.45,21290.85,21294.45,2595,120,0
2025-02-25 11:30:00+03:00,21294.05,21307.95,21268.05,21268.05,2590,120,0
2025-02-25 11:45:00+03:00,21269.05,21274.65,21238.65,21241.55,2590,120,0
2025-02-25 12:00:00+03:00,21240.35,21277.15,21238.85,21263.35,2440,120,0
2025-02-25 12:15:00+03:00,21263.55,21281.85,21263.55,21273.35,1923,120,0
2025-02-25 12:30:00+03:00,21273.55,21278.15,21253.95,21263.05,2016,110,0
2025-02-25 12:45:00+03:00,21263.15,21268.65,21223.55,21231.65,2377,110,0
2025-02-25 13:00:00+03:00,21232.35,21257.85,21222.85,21257.55,2536,120,0
2025-02-25 13:15:00+03:00,21257.55,21270.55,21243.55,21262.35,2042,120,0
2025-02-25 13:30:00+03:00,21262.05,21323.85,21260.35,21316.45,2371,110,0
2025-02-25 13:45:00+03:00,21316.05,21316.05,21295.15,21306.85,2323,120,0
2025-02-25 14:00:00+03:00,21307.55,21328.05,21299.65,21311.85,2395,120,0
2025-02-25 14:15:00+03:00,21311.65,21336.65,21306.45,21328.15,2173,120,0
2025-02-25 14:30:00+03:00,21327.65,21329.85,21308.65,21310.85,2145,120,0
2025-02-25 14:45:00+03:00,21310.05,21372.35,21299.95,21365.85,2693,120,0
2025-02-25 15:00:00+03:00,21366.05,21370.85,21355.05,21363.35,2652,120,0
2025-02-25 15:15:00+03:00,21363.45,21385.35,21349.05,21383.05,2708,120,0
2025-02-25 15:30:00+03:00,21382.15,21387.55,21344.95,21349.85,3062,120,0
2025-02-25 15:45:00+03:00,21349.95,21358.65,21329.85,21339.85,3038,120,0
2025-02-25 16:00:00+03:00,21340.05,21349.55,21327.15,21344.45,3151,120,0
2025-02-25 16:15:00+03:00,21345.55,21345.95,21294.95,21326.05,3305,120,0
2025-02-25 16:30:00+03:00,21328.45,21333.35,21247.65,21250.65,5005,110,0
2025-02-25 16:45:00+03:00,21249.75,21279.15,21147.65,21197.45,4798,110,0
2025-02-25 17:00:00+03:00,21197.35,21198.95,21072.45,21077.15,4864,110,0
2025-02-25 17:15:00+03:00,21076.35,21101.85,20965.35,20984.65,4918,110,0
2025-02-25 17:30:00+03:00,20983.65,21060.95,20974.95,21031.65,4985,110,0
2025-02-25 17:45:00+03:00,21030.85,21095.45,21004.95,21038.95,4865,110,0
2025-02-25 18:00:00+03:00,21040.65,21044.15,20974.65,21011.65,4789,110,0
2025-02-25 18:15:00+03:00,21010.15,21030.45,20966.75,20974.75,4709,110,0
2025-02-25 18:30:00+03:00,20975.45,21008.25,20927.65,21000.65,4700,110,0
2025-02-25 18:45:00+03:00,20999.85,21138.25,20996.45,21106.85,4688,110,0
2025-02-25 19:00:00+03:00,21106.65,21114.25,21074.85,21086.15,4560,110,0
2025-02-25 19:15:00+03:00,21084.95,21128.95,21047.65,21127.95,4428,110,0
2025-02-25 19:30:00+03:00,21128.25,21156.15,21111.75,21136.45,4349,110,0
2025-02-25 19:45:00+03:00,21137.75,21161.75,21123.75,21156.55,4116,100,0
2025-02-25 20:00:00+03:00,21157.05,21217.25,21156.15,21160.25,4306,100,0
2025-02-25 20:15:00+03:00,21154.65,21174.35,21106.75,21108.95,4280,100,0
2025-02-25 20:30:00+03:00,21108.95,21188.95,21101.75,21174.25,4469,110,0
2025-02-25 20:45:00+03:00,21173.75,21182.75,21129.35,21135.45,4265,110,0
2025-02-25 21:00:00+03:00,21131.45,21142.15,21079.95,21081.25,4301,110,0
2025-02-25 21:15:00+03:00,21082.25,21097.75,21060.15,21069.95,4454,110,0
2025-02-25 21:30:00+03:00,21069.95,21150.45,21065.85,21139.95,4495,110,0
2025-02-25 21:45:00+03:00,21139.75,21149.95,21103.25,21138.25,4448,110,0
2025-02-25 22:00:00+03:00,21138.25,21163.75,21119.65,21139.95,4428,110,0
2025-02-25 22:15:00+03:00,21140.35,21198.85,21131.65,21163.25,4584,110,0
2025-02-25 22:30:00+03:00,21162.95,21168.65,21096.45,21104.15,4685,110,0
2025-02-25 22:45:00+03:00,21103.25,21118.45,21058.75,21085.95,4730,110,0
2025-02-25 23:00:00+03:00,21089.24,21140.24,21076.54,21124.84,3726,132,0
2025-02-25 23:15:00+03:00,21125.44,21145.54,21122.34,21137.54,1829,132,0
2025-02-25 23:30:00+03:00,21136.84,21136.84,21123.24,21134.04,1196,132,0
2025-02-25 23:45:00+03:00,21133.74,21144.04,21127.24,21127.34,579,132,0
2025-02-26 01:00:00+03:00,21172.85,21173.05,21155.85,21157.65,553,110,0
2025-02-26 01:15:00+03:00,21158.05,21164.55,21155.15,21157.35,668,110,0
2025-02-26 01:30:00+03:00,21157.65,21166.25,21152.85,21160.65,693,110,0
2025-02-26 01:45:00+03:00,21161.85,21165.05,21151.05,21164.15,856,110,0
2025-02-26 02:00:00+03:00,21162.55,21175.75,21149.25,21151.55,1693,110,0
2025-02-26 02:15:00+03:00,21151.65,21173.75,21149.75,21172.55,1192,110,0
2025-02-26 02:30:00+03:00,21172.35,21183.15,21161.35,21162.85,1110,100,0
2025-02-26 02:45:00+03:00,21163.05,21188.25,21161.45,21188.15,1137,100,0
2025-02-26 03:00:00+03:00,21187.75,21189.65,21170.25,21171.25,1328,110,0
2025-02-26 03:15:00+03:00,21171.25,21177.05,21164.35,21165.05,1225,110,0
2025-02-26 03:30:00+03:00,21164.65,21167.65,21151.05,21157.55,1575,110,0
2025-02-26 03:45:00+03:00,21157.25,21163.05,21151.05,21155.75,1336,110,0
2025-02-26 04:00:00+03:00,21156.05,21159.55,21139.25,21149.55,1441,110,0
2025-02-26 04:15:00+03:00,21149.55,21179.65,21148.75,21169.35,1399,110,0
2025-02-26 04:30:00+03:00,21169.65,21178.25,21167.55,21175.35,1021,100,0
2025-02-26 04:45:00+03:00,21175.55,21184.25,21174.55,21181.05,988,110,0
2025-02-26 05:00:00+03:00,21181.65,21205.15,21178.65,21199.75,1186,100,0
2025-02-26 05:15:00+03:00,21200.65,21200.85,21183.35,21191.85,1113,110,0
2025-02-26 05:30:00+03:00,21192.05,21198.25,21184.05,21187.55,985,100,0
2025-02-26 05:45:00+03:00,21187.55,21187.65,21174.15,21177.35,914,100,0
2025-02-26 06:00:00+03:00,21177.55,21180.45,21170.85,21177.05,644,100,0
2025-02-26 06:15:00+03:00,21176.55,21180.35,21172.35,21176.85,523,100,0
2025-02-26 06:30:00+03:00,21176.95,21184.65,21175.15,21179.95,635,100,0
2025-02-26 06:45:00+03:00,21180.55,21191.95,21180.05,21190.55,555,100,0
2025-02-26 07:00:00+03:00,21190.55,21197.35,21190.55,21196.55,885,100,0
2025-02-26 07:15:00+03:00,21196.45,21208.35,21194.65,21204.65,748,100,0
2025-02-26 07:30:00+03:00,21204.85,21217.35,21198.65,21214.65,928,100,0
2025-02-26 07:45:00+03:00,21215.15,21218.65,21211.85,21217.95,707,100,0
2025-02-26 08:00:00+03:00,21217.35,21220.85,21208.65,21210.95,803,100,0
2025-02-26 08:15:00+03:00,21211.05,21214.95,21204.15,21207.15,874,100,0
2025-02-26 08:30:00+03:00,21207.35,21212.85,21201.05,21206.35,905,100,0
2025-02-26 08:45:00+03:00,21205.65,21218.15,21205.65,21214.85,735,100,0
2025-02-26 09:00:00+03:00,21215.15,21220.15,21201.05,21217.35,1292,110,0
2025-02-26 09:15:00+03:00,21217.65,21240.85,21214.25,21239.75,1108,100,0
2025-02-26 09:30:00+03:00,21239.05,21241.65,21219.95,21231.05,1441,110,0
2025-02-26 09:45:00+03:00,21230.75,21241.55,21227.85,21231.15,1410,110,0
2025-02-26 10:00:00+03:00,21231.55,21235.95,21212.25,21212.55,2242,110,0
2025-02-26 10:15:00+03:00,21212.95,21223.35,21202.45,21213.95,2174,110,0
2025-02-26 10:30:00+03:00,21214.25,21227.55,21210.55,21215.35,1837,110,0
2025-02-26 10:45:00+03:00,21214.95,21231.55,21210.25,21229.55,1573,110,0
2025-02-26 11:00:00+03:00,21229.15,21247.45,21223.55,21247.35,2015,110,0
2025-02-26 11:15:00+03:00,21247.45,21266.55,21246.55,21257.25,1923,110,0
2025-02-26 11:30:00+03:00,21257.85,21258.65,21238.85,21247.25,1558,110,0
2025-02-26 11:45:00+03:00,21247.05,21253.75,21239.25,21244.05,1412,110,0
2025-02-26 12:00:00+03:00,21244.05,21265.05,21241.65,21251.35,1511,110,0
2025-02-26 12:15:00+03:00,21251.25,21258.35,21245.75,21253.53,1319,110,0
2025-02-26 12:30:00+03:00,21253.53,21261.03,21245.83,21256.33,1290,114,0
2025-02-26 12:45:00+03:00,21258.73,21265.53,21256.13,21259.23,1087,114,0
2025-02-26 13:00:00+03:00,21259.33,21265.23,21252.33,21260.83,1105,114,0
2025-02-26 13:15:00+03:00,21261.23,21267.83,21246.53,21248.83,1286,114,0
2025-02-26 13:30:00+03:00,21249.03,21263.13,21249.03,21260.33,1171,114,0
2025-02-26 13:45:00+03:00,21260.13,21260.23,21216.23,21226.83,2115,114,0
2025-02-26 14:00:00+03:00,21226.53,21240.03,21218.83,21239.93,2246,114,0
2025-02-26 14:15:00+03:00,21239.23,21246.13,21232.63,21235.33,1560,114,0
2025-02-26 14:30:00+03:00,21235.13,21245.53,21230.83,21235.43,1677,114,0
2025-02-26 14:45:00+03:00,21235.53,21236.03,21198.83,21229.33,2613,124,0
2025-02-26 15:00:00+03:00,21228.93,21237.03,21212.23,21237.03,2445,124,0
2025-02-26 15:15:00+03:00,21236.83,21263.43,21232.03,21262.03,2266,124,0
2025-02-26 15:30:00+03:00,21262.43,21270.43,21242.43,21244.83,2452,114,0
2025-02-26 15:45:00+03:00,21244.93,21247.03,21194.53,21211.53,3009,124,0
2025-02-26 16:00:00+03:00,21211.73,21224.73,21182.23,21185.53,3315,124,0
2025-02-26 16:15:00+03:00,21185.23,21200.43,21162.83,21177.33,3809,124,0
2025-02-26 16:30:00+03:00,21177.23,21212.33,21128.53,21172.53,4878,114,0
2025-02-26 16:45:00+03:00,21172.53,21251.23,21155.13,21239.63,4732,114,0
2025-02-26 17:00:00+03:00,21239.33,21275.23,21203.63,21266.73,4708,114,0
2025-02-26 17:15:00+03:00,21267.33,21310.33,21210.13,21221.63,4716,114,0
2025-02-26 17:30:00+03:00,21221.13,21289.13,21221.13,21273.23,4685,114,0
2025-02-26 17:45:00+03:00,21273.53,21293.83,21250.83,21290.03,4640,114,0
2025-02-26 18:00:00+03:00,21290.13,21341.83,21290.13,21334.23,4537,114,0
2025-02-26 18:15:00+03:00,21335.23,21335.33,21298.13,21303.53,4476,114,0
2025-02-26 18:30:00+03:00,21304.03,21344.03,21287.03,21320.63,4501,114,0
2025-02-26 18:45:00+03:00,21320.63,21347.43,21278.83,21288.03,4258,104,0
2025-02-26 19:00:00+03:00,21290.13,21338.33,21272.83,21334.13,4192,104,0
2025-02-26 19:15:00+03:00,21334.13,21345.93,21292.83,21314.83,4397,104,0
2025-02-26 19:30:00+03:00,21315.13,21332.73,21239.53,21263.53,4502,114,0
2025-02-26 19:45:00+03:00,21263.53,21273.13,21168.23,21188.03,4670,114,0
2025-02-26 20:00:00+03:00,21186.63,21198.73,21148.73,21177.83,4618,114,0
2025-02-26 20:15:00+03:00,21177.83,21190.33,21109.13,21110.73,4497,114,0
2025-02-26 20:30:00+03:00,21110.33,21142.73,21067.53,21089.33,4538,114,0
2025-02-26 20:45:00+03:00,21089.33,21104.33,21022.23,21040.73,4586,114,0
2025-02-26 21:00:00+03:00,21037.23,21070.63,21003.73,21034.33,4654,114,0
2025-02-26 21:15:00+03:00,21034.53,21090.13,21008.53,21063.73,4528,114,0
2025-02-26 21:30:00+03:00,21063.73,21111.63,21055.33,21092.73,4361,114,0
2025-02-26 21:45:00+03:00,21092.63,21106.63,21024.83,21032.63,4273,104,0
2025-02-26 22:00:00+03:00,21035.13,21074.73,21017.83,21055.63,4481,114,0
2025-02-26 22:15:00+03:00,21054.53,21102.63,21046.13,21086.93,4351,104,0
2025-02-26 22:30:00+03:00,21087.03,21142.13,21067.73,21136.83,4430,104,0
2025-02-26 22:45:00+03:00,21136.63,21162.53,21104.03,21131.13,4568,114,0
2025-02-26 23:00:00+03:00,21135.73,21177.44,21120.14,21150.84,3768,114,0
2025-02-26 23:15:00+03:00,21152.14,21264.24,21053.64,21144.84,3151,142,0
2025-02-26 23:30:00+03:00,21144.94,21171.24,21098.64,21155.34,2300,142,0
2025-02-26 23:45:00+03:00,21155.64,21162.84,21150.84,21157.74,460,142,0
2025-02-27 01:00:00+03:00,21183.55,21194.05,21154.15,21155.35,909,120,0
2025-02-27 01:15:00+03:00,21155.65,21176.15,21115.05,21137.65,1393,120,0
2025-02-27 01:30:00+03:00,21137.85,21157.85,21134.05,21136.15,1888,120,0
2025-02-27 01:45:00+03:00,21135.85,21158.55,21135.55,21153.65,1753,120,0
2025-02-27 02:00:00+03:00,21153.85,21169.33,21135.33,21140.53,2321,120,0
2025-02-27 02:15:00+03:00,21140.33,21144.03,21064.83,21092.53,2557,124,0
2025-02-27 02:30:00+03:00,21092.63,21104.03,21078.93,21099.93,1912,124,0
2025-02-27 02:45:00+03:00,21100.03,21106.53,21074.13,21078.13,2098,124,0
2025-02-27 03:00:00+03:00,21078.03,21096.63,21048.63,21095.53,2444,124,0
2025-02-27 03:15:00+03:00,21095.13,21123.33,21094.83,21115.53,1745,114,0
2025-02-27 03:30:00+03:00,21115.43,21135.43,21113.63,21120.83,2164,124,0
2025-02-27 03:45:00+03:00,21121.03,21128.53,21107.83,21108.83,1792,114,0
2025-02-27 04:00:00+03:00,21108.83,21122.83,21096.33,21117.63,2142,124,0
2025-02-27 04:15:00+03:00,21117.43,21155.93,21106.03,21146.33,2102,124,0
2025-02-27 04:30:00+03:00,21146.53,21155.43,21139.33,21141.63,1654,114,0
2025-02-27 04:45:00+03:00,21141.83,21142.13,21117.43,21125.33,1856,114,0
2025-02-27 05:00:00+03:00,21127.43,21135.63,21122.23,21131.73,1342,114,0
2025-02-27 05:15:00+03:00,21131.73,21135.63,21121.93,21130.93,896,104,0
2025-02-27 05:30:00+03:00,21130.33,21148.63,21123.63,21137.13,1382,114,0
2025-02-27 05:45:00+03:00,21135.33,21137.93,21102.13,21102.43,1290,114,0
2025-02-27 06:00:00+03:00,21103.13,21106.43,21093.73,21098.33,1417,114,0
2025-02-27 06:15:00+03:00,21098.23,21102.13,21088.33,21097.63,1139,114,0
2025-02-27 06:30:00+03:00,21097.33,21109.13,21090.43,21105.83,1075,114,0
2025-02-27 06:45:00+03:00,21105.63,21112.13,21100.73,21111.73,917,114,0
2025-02-27 07:00:00+03:00,21111.73,21139.23,21106.13,21139.23,1339,114,0
2025-02-27 07:15:00+03:00,21138.93,21175.93,21136.23,21170.43,1583,114,0
2025-02-27 07:30:00+03:00,21170.43,21198.13,21163.93,21198.03,1492,114,0
2025-02-27 07:45:00+03:00,21198.83,21204.83,21181.93,21185.93,1358,114,0
2025-02-27 08:00:00+03:00,21185.63,21203.43,21180.23,21197.13,1405,114,0
2025-02-27 08:15:00+03:00,21197.33,21231.73,21196.33,21229.23,1546,114,0
2025-02-27 08:30:00+03:00,21229.33,21230.53,21211.33,21224.33,1342,114,0
2025-02-27 08:45:00+03:00,21224.63,21235.83,21214.33,21221.83,1395,114,0
2025-02-27 09:00:00+03:00,21222.83,21234.83,21213.13,21221.83,1705,124,0
2025-02-27 09:15:00+03:00,21222.93,21263.33,21222.93,21248.33,1914,124,0
2025-02-27 09:30:00+03:00,21248.13,21265.63,21248.13,21251.93,1621,114,0
2025-02-27 09:45:00+03:00,21251.43,21257.83,21219.63,21223.03,1887,114,0
2025-02-27 10:00:00+03:00,21222.53,21225.13,21191.43,21200.83,3261,124,0
2025-02-27 10:15:00+03:00,21200.83,21237.03,21192.63,21220.33,2682,124,0
2025-02-27 10:30:00+03:00,21220.63,21256.03,21218.93,21245.53,2446,124,0
2025-02-27 10:45:00+03:00,21245.83,21267.63,21244.53,21263.03,1943,124,0
2025-02-27 11:00:00+03:00,21258.63,21265.63,21239.63,21239.63,2761,124,0
2025-02-27 11:15:00+03:00,21239.83,21272.83,21233.33,21271.43,2339,124,0
2025-02-27 11:30:00+03:00,21271.43,21274.43,21257.43,21261.13,2146,124,0
2025-02-27 11:45:00+03:00,21260.93,21274.93,21255.53,21264.93,1883,114,0
2025-02-27 12:00:00+03:00,21264.93,21269.13,21250.13,21259.43,1884,114,0
2025-02-27 12:15:00+03:00,21259.23,21286.03,21258.23,21265.53,1881,114,0
2025-02-27 12:30:00+03:00,21265.83,21266.13,21250.83,21257.43,1831,114,0
2025-02-27 12:45:00+03:00,21257.43,21266.13,21253.23,21262.43,1403,114,0
2025-02-27 13:00:00+03:00,21262.23,21284.93,21260.23,21273.93,1617,114,0
2025-02-27 13:15:00+03:00,21274.23,21276.23,21260.13,21262.53,1688,114,0
2025-02-27 13:30:00+03:00,21261.63,21267.93,21253.33,21262.73,1623,114,0
2025-02-27 13:45:00+03:00,21262.93,21286.13,21262.93,21285.63,1738,114,0
2025-02-27 14:00:00+03:00,21285.63,21304.83,21277.13,21293.63,2556,114,0
2025-02-27 14:15:00+03:00,21293.53,21312.33,21288.43,21304.43,2141,114,0
2025-02-27 14:30:00+03:00,21304.73,21326.93,21301.73,21316.33,2040,114,0
2025-02-27 14:45:00+03:00,21316.13,21321.83,21286.93,21292.63,2452,124,0
2025-02-27 15:00:00+03:00,21292.13,21304.93,21284.93,21296.43,2505,114,0
2025-02-27 15:15:00+03:00,21296.03,21313.73,21283.13,21290.03,2338,114,0
2025-02-27 15:30:00+03:00,21274.83,21307.43,21255.13,21302.53,3747,124,0
2025-02-27 15:45:00+03:00,21302.43,21307.13,21211.43,21249.33,4318,124,0
2025-02-27 16:00:00+03:00,21249.23,21314.53,21233.83,21296.33,3534,124,0
2025-02-27 16:15:00+03:00,21296.73,21305.03,21276.63,21283.03,3588,124,0
2025-02-27 16:30:00+03:00,21282.63,21322.13,21112.63,21132.63,4915,104,0
2025-02-27 16:45:00+03:00,21133.63,21172.63,20939.83,20949.53,4951,114,0
2025-02-27 17:00:00+03:00,20946.93,21028.13,20838.43,21010.93,5010,114,0
2025-02-27 17:15:00+03:00,21006.73,21107.73,20998.13,21069.73,4897,114,0
2025-02-27 17:30:00+03:00,21069.73,21080.73,20981.23,21050.73,4832,114,0
2025-02-27 17:45:00+03:00,21050.63,21072.63,20953.43,20961.73,4672,114,0
2025-02-27 18:00:00+03:00,20962.83,21064.93,20952.43,21062.43,4674,114,0
2025-02-27 18:15:00+03:00,21062.73,21101.63,20997.83,21008.73,4602,114,0
2025-02-27 18:30:00+03:00,21007.83,21044.13,20996.23,21013.83,4472,114,0
2025-02-27 18:45:00+03:00,21013.93,21023.83,20938.63,20948.43,4536,114,0
2025-02-27 19:00:00+03:00,20950.43,20971.63,20933.23,20953.13,4493,114,0
2025-02-27 19:15:00+03:00,20953.23,20998.73,20898.83,20996.23,4497,114,0
2025-02-27 19:30:00+03:00,20996.83,21018.43,20933.23,20950.43,4460,114,0
2025-02-27 19:45:00+03:00,20953.33,20985.73,20941.33,20980.73,4435,114,0
2025-02-27 20:00:00+03:00,20980.13,21046.23,20971.23,21036.63,4477,114,0
2025-02-27 20:15:00+03:00,21036.43,21059.63,21014.43,21038.13,4307,104,0
2025-02-27 20:30:00+03:00,21038.23,21054.33,21015.23,21020.63,4142,104,0
2025-02-27 20:45:00+03:00,21020.63,21038.33,20990.63,20994.43,4305,114,0
2025-02-27 21:00:00+03:00,20994.23,20998.43,20928.43,20932.43,4417,114,0
2025-02-27 21:15:00+03:00,20932.43,20934.73,20834.73,20839.73,4530,114,0
2025-02-27 21:30:00+03:00,20839.73,20840.93,20738.83,20773.63,4694,114,0
2025-02-27 21:45:00+03:00,20772.43,20804.43,20753.63,20776.23,4552,114,0
2025-02-27 22:00:00+03:00,20776.83,20782.23,20659.63,20686.13,4630,114,0
2025-02-27 22:15:00+03:00,20685.93,20702.93,20627.63,20632.43,4597,114,0
2025-02-27 22:30:00+03:00,20638.33,20683.13,20610.93,20617.83,4587,114,0
2025-02-27 22:45:00+03:00,20616.93,20649.93,20540.23,20553.23,4723,114,0
2025-02-27 23:00:00+03:00,20550.63,20563.94,20525.74,20562.54,4023,114,0
2025-02-27 23:15:00+03:00,20562.54,20587.24,20552.74,20575.34,2911,142,0
2025-02-27 23:30:00+03:00,20575.04,20595.24,20574.44,20587.04,2400,142,0
2025-02-27 23:45:00+03:00,20587.24,20599.54,20587.24,20589.54,796,142,0
2025-02-28 01:00:00+03:00,20612.05,20619.65,20590.85,20593.55,1142,120,0
2025-02-28 01:15:00+03:00,20593.15,20606.25,20586.35,20604.75,1399,110,0
2025-02-28 01:30:00+03:00,20605.55,20627.35,20600.65,20607.75,1798,120,0
2025-02-28 01:45:00+03:00,20606.35,20620.85,20599.75,20620.65,1731,120,0
2025-02-28 02:00:00+03:00,20619.55,20634.73,20619.33,20619.73,1640,114,0
2025-02-28 02:15:00+03:00,20620.13,20624.53,20591.33,20598.53,1676,114,0
2025-02-28 02:30:00+03:00,20598.23,20610.83,20581.63,20586.13,2026,124,0
2025-02-28 02:45:00+03:00,20586.33,20589.33,20563.83,20563.83,1918,124,0
2025-02-28 03:00:00+03:00,20563.83,20603.33,20563.83,20598.13,2213,124,0
2025-02-28 03:15:00+03:00,20597.83,20614.83,20574.83,20575.13,1933,124,0
2025-02-28 03:30:00+03:00,20573.83,20589.73,20486.23,20587.53,3622,124,0
2025-02-28 03:45:00+03:00,20587.03,20595.13,20570.83,20573.13,2565,124,0
2025-02-28 04:00:00+03:00,20572.83,20591.33,20554.83,20579.33,2504,124,0
2025-02-28 04:15:00+03:00,20579.23,20584.13,20555.73,20582.63,2265,124,0
2025-02-28 04:30:00+03:00,20583.33,20591.63,20528.33,20534.23,2186,124,0
2025-02-28 04:45:00+03:00,20534.13,20547.53,20518.83,20534.23,1862,124,0
2025-02-28 05:00:00+03:00,20534.63,20545.53,20506.73,20519.63,2049,124,0
2025-02-28 05:15:00+03:00,20519.83,20522.73,20478.03,20510.73,2649,124,0
2025-02-28 05:30:00+03:00,20510.53,20520.73,20479.33,20496.53,2415,124,0
2025-02-28 05:45:00+03:00,20496.33,20511.33,20464.03,20508.13,2130,124,0
2025-02-28 06:00:00+03:00,20508.23,20523.83,20494.33,20506.13,1605,124,0
2025-02-28 06:15:00+03:00,20505.53,20557.83,20505.13,20557.23,1950,124,0
2025-02-28 06:30:00+03:00,20557.33,20573.73,20548.13,20569.03,1914,124,0
2025-02-28 06:45:00+03:00,20569.33,20588.53,20556.03,20564.23,1832,114,0
2025-02-28 07:00:00+03:00,20564.33,20592.63,20560.63,20583.53,2001,124,0
2025-02-28 07:15:00+03:00,20583.83,20586.63,20566.03,20570.33,1730,114,0
2025-02-28 07:30:00+03:00,20570.13,20586.63,20559.13,20585.13,1448,114,0
2025-02-28 07:45:00+03:00,20585.43,20588.13,20567.93,20569.83,1379,114,0
2025-02-28 08:00:00+03:00,20570.03,20578.33,20559.83,20572.63,954,114,0
2025-02-28 08:15:00+03:00,20572.83,20591.43,20571.93,20583.43,1015,114,0
2025-02-28 08:30:00+03:00,20584.43,20592.63,20559.53,20563.73,1249,114,0
2025-02-28 08:45:00+03:00,20563.63,20574.23,20533.03,20542.73,997,124,0
2025-02-28 09:00:00+03:00,20542.83,20570.33,20528.03,20536.13,1402,124,0
2025-02-28 09:15:00+03:00,20536.53,20554.53,20524.13,20532.03,1433,124,0
2025-02-28 09:30:00+03:00,20532.13,20560.33,20501.03,20555.13,1727,124,0
2025-02-28 09:45:00+03:00,20557.23,20577.33,20552.23,20573.23,1586,124,0
2025-02-28 10:00:00+03:00,20573.73,20586.23,20559.33,20561.33,2221,124,0
2025-02-28 10:15:00+03:00,20561.53,20609.73,20561.53,20601.23,2442,124,0
2025-02-28 10:30:00+03:00,20600.53,20627.53,20595.53,20610.33,2460,124,0
2025-02-28 10:45:00+03:00,20610.53,20614.33,20595.23,20606.73,1978,114,0
2025-02-28 11:00:00+03:00,20608.23,20619.63,20583.63,20617.73,2688,124,0
2025-02-28 11:15:00+03:00,20617.83,20630.53,20614.53,20627.03,2248,124,0
2025-02-28 11:30:00+03:00,20627.03,20628.83,20604.33,20612.63,2232,124,0
2025-02-28 11:45:00+03:00,20612.53,20615.33,20596.13,20605.63,1889,114,0
2025-02-28 12:00:00+03:00,20605.53,20614.73,20596.03,20599.13,1904,114,0
2025-02-28 12:15:00+03:00,20599.03,20612.83,20593.03,20597.03,1899,114,0
2025-02-28 12:30:00+03:00,20596.83,20618.93,20596.33,20615.93,1708,114,0
2025-02-28 12:45:00+03:00,20616.03,20625.83,20603.13,20604.33,1621,114,0
2025-02-28 13:00:00+03:00,20604.23,20620.83,20604.23,20609.13,1462,114,0
2025-02-28 13:15:00+03:00,20609.43,20620.93,20606.63,20616.83,1373,114,0
2025-02-28 13:30:00+03:00,20616.53,20624.13,20598.03,20619.33,1808,114,0
2025-02-28 13:45:00+03:00,20619.13,20620.23,20604.43,20609.13,1704,114,0
2025-02-28 14:00:00+03:00,20606.83,20611.23,20542.63,20549.83,3320,124,0
2025-02-28 14:15:00+03:00,20550.23,20587.9,20547.33,20575.2,2586,124,0
2025-02-28 14:30:00+03:00,20575.5,20576.0,20529.4,20543.5,3466,150,0
2025-02-28 14:45:00+03:00,20543.5,20574.0,20540.9,20566.9,3043,150,0
2025-02-28 15:00:00+03:00,20566.7,20578.4,20542.1,20545.6,3081,150,0
2025-02-28 15:15:00+03:00,20544.6,20551.6,20508.6,20530.6,3379,150,0
2025-02-28 15:30:00+03:00,20527.6,20610.7,20527.5,20576.6,4013,150,0
2025-02-28 15:45:00+03:00,20576.6,20584.6,20543.4,20546.9,3747,150,0
2025-02-28 16:00:00+03:00,20547.0,20572.1,20536.9,20564.4,3782,150,0
2025-02-28 16:15:00+03:00,20564.6,20575.6,20514.0,20534.1,3806,150,0
2025-02-28 16:30:00+03:00,20536.9,20590.5,20408.2,20555.9,5056,140,0
2025-02-28 16:45:00+03:00,20555.9,20580.2,20488.7,20542.8,4988,140,0
2025-02-28 17:00:00+03:00,20535.0,20642.0,20501.9,20639.8,4965,140,0
2025-02-28 17:15:00+03:00,20639.9,20705.3,20570.2,20703.5,4823,140,0
2025-02-28 17:30:00+03:00,20703.9,20724.2,20622.2,20647.4,4762,140,0
2025-02-28 17:45:00+03:00,20646.7,20710.8,20627.9,20706.8,4673,140,0
2025-02-28 18:00:00+03:00,20707.3,20722.3,20640.8,20649.2,4667,140,0
2025-02-28 18:15:00+03:00,20650.2,20664.3,20581.0,20585.4,4680,140,0
2025-02-28 18:30:00+03:00,20585.0,20691.4,20571.8,20676.4,4542,140,0
2025-02-28 18:45:00+03:00,20676.0,20691.5,20634.9,20643.9,4449,140,0
2025-02-28 19:00:00+03:00,20643.7,20664.8,20608.7,20660.3,4587,140,0
2025-02-28 19:15:00+03:00,20659.7,20695.3,20611.4,20645.3,4420,140,0
2025-02-28 19:30:00+03:00,20645.2,20650.9,20548.5,20562.2,4460,140,0
2025-02-28 19:45:00+03:00,20561.3,20577.5,20484.9,20486.4,4696,140,0
2025-02-28 20:00:00+03:00,20487.2,20531.5,20475.9,20500.2,4506,140,0
2025-02-28 20:15:00+03:00,20500.4,20543.7,20432.8,20539.7,4840,140,0
2025-02-28 20:30:00+03:00,20540.3,20613.4,20520.3,20591.2,4700,140,0
2025-02-28 20:45:00+03:00,20590.2,20603.4,20487.3,20489.2,4590,140,0
2025-02-28 21:00:00+03:00,20488.8,20539.2,20485.4,20505.5,4512,140,0
2025-02-28 21:15:00+03:00,20505.4,20562.8,20503.4,20552.8,4434,140,0
2025-02-28 21:30:00+03:00,20553.0,20646.7,20537.2,20634.4,4534,140,0
2025-02-28 21:45:00+03:00,20635.0,20668.3,20625.3,20659.2,4573,140,0
2025-02-28 22:00:00+03:00,20658.2,20713.5,20646.4,20685.0,4569,140,0
2025-02-28 22:15:00+03:00,20685.3,20714.3,20636.2,20713.5,4516,140,0
2025-02-28 22:30:00+03:00,20713.5,20715.9,20630.7,20700.4,4508,140,0
2025-02-28 22:45:00+03:00,20700.4,20891.0,20688.9,20862.8,4728,140,0
2025-02-28 23:00:00+03:00,20866.0,20876.1,20815.1,20846.3,4185,140,0
2025-02-28 23:15:00+03:00,20847.8,20855.6,20836.9,20842.4,2603,170,0
2025-02-28 23:30:00+03:00,20842.3,20849.8,20839.7,20844.2,1638,160,0
2025-02-28 23:45:00+03:00,20844.1,20852.7,20840.2,20849.1,479,160,0
2025-03-03 01:00:00+03:00,20943.1,20990.0,20938.0,20984.8,1253,150,0
2025-03-03 01:15:00+03:00,20983.2,20984.8,20936.5,20950.3,2233,150,0
2025-03-03 01:30:00+03:00,20950.2,20963.0,20931.0,20943.3,1920,150,0
2025-03-03 01:45:00+03:00,20943.3,20955.1,20903.6,20922.3,2519,150,0
2025-03-03 02:00:00+03:00,20923.2,20924.8,20851.8,20851.8,2803,150,0
2025-03-03 02:15:00+03:00,20851.5,20857.1,20804.8,20836.2,3122,150,0
2025-03-03 02:30:00+03:00,20836.2,20848.1,20794.6,20842.0,2908,150,0
2025-03-03 02:45:00+03:00,20842.2,20861.5,20826.8,20838.6,2409,150,0
2025-03-03 03:00:00+03:00,20839.3,20872.7,20818.7,20851.2,3057,150,0
2025-03-03 03:15:00+03:00,20851.3,20874.2,20836.3,20866.1,2396,150,0
2025-03-03 03:30:00+03:00,20866.3,20869.6,20841.6,20852.3,2780,150,0
2025-03-03 03:45:00+03:00,20853.2,20906.6,20849.1,20898.2,2629,150,0
2025-03-03 04:00:00+03:00,20898.1,20917.5,20895.0,20903.8,2252,150,0
2025-03-03 04:15:00+03:00,20904.3,20907.1,20882.2,20887.3,2141,150,0
2025-03-03 04:30:00+03:00,20887.7,20901.6,20872.3,20893.5,1967,140,0
2025-03-03 04:45:00+03:00,20893.4,20909.7,20878.7,20883.1,1832,140,0
2025-03-03 05:00:00+03:00,20883.2,20888.2,20859.0,20859.7,2133,150,0
2025-03-03 05:15:00+03:00,20860.1,20868.7,20838.8,20853.8,1949,140,0
2025-03-03 05:30:00+03:00,20852.5,20868.9,20843.1,20861.9,1747,140,0
2025-03-03 05:45:00+03:00,20861.9,20881.3,20861.6,20877.4,1439,140,0
2025-03-03 06:00:00+03:00,20877.5,20897.2,20874.4,20893.7,1402,140,0
2025-03-03 06:15:00+03:00,20893.8,20903.1,20889.0,20898.9,1056,140,0
2025-03-03 06:30:00+03:00,20898.5,20901.5,20890.9,20898.6,1085,140,0
2025-03-03 06:45:00+03:00,20897.9,20910.0,20894.4,20906.8,946,130,0
2025-03-03 07:00:00+03:00,20906.4,20919.0,20899.5,20916.9,1532,140,0
2025-03-03 07:15:00+03:00,20916.8,20937.7,20912.0,20926.1,1435,140,0
2025-03-03 07:30:00+03:00,20926.1,20955.6,20916.2,20946.8,1520,140,0
2025-03-03 07:45:00+03:00,20945.5,20948.5,20936.8,20941.5,1220,140,0
2025-03-03 08:00:00+03:00,20941.4,20944.1,20916.4,20919.8,1706,140,0
2025-03-03 08:15:00+03:00,20920.1,20925.0,20913.0,20925.0,1554,140,0
2025-03-03 08:30:00+03:00,20924.1,20944.4,20919.0,20944.1,1652,140,0
2025-03-03 08:45:00+03:00,20944.3,20975.2,20933.7,20962.2,1964,140,0
2025-03-03 09:00:00+03:00,20964.2,20968.1,20922.5,20930.2,2166,150,0
2025-03-03 09:15:00+03:00,20930.5,20934.3,20878.1,20884.2,2118,150,0
2025-03-03 09:30:00+03:00,20884.0,20933.8,20879.8,20928.7,2193,150,0
2025-03-03 09:45:00+03:00,20929.0,20934.5,20907.8,20916.1,2054,150,0
2025-03-03 10:00:00+03:00,20916.3,20944.1,20905.0,20923.0,3194,150,0
2025-03-03 10:15:00+03:00,20922.8,20928.8,20842.7,20864.8,3501,150,0
2025-03-03 10:30:00+03:00,20864.8,20918.2,20852.2,20910.1,3213,150,0
2025-03-03 10:45:00+03:00,20910.3,20918.0,20888.6,20901.6,2616,150,0
2025-03-03 11:00:00+03:00,20905.0,20912.1,20883.2,20902.5,3166,150,0
2025-03-03 11:15:00+03:00,20902.6,20934.6,20900.3,20928.0,2570,150,0
2025-03-03 11:30:00+03:00,20927.5,20946.1,20927.5,20942.1,2301,150,0
2025-03-03 11:45:00+03:00,20941.8,20973.3,20938.3,20968.2,2217,140,0
2025-03-03 12:00:00+03:00,20968.1,20974.3,20944.0,20946.0,2392,150,0
2025-03-03 12:15:00+03:00,20946.2,20955.1,20940.5,20949.7,2104,150,0
2025-03-03 12:30:00+03:00,20949.8,20965.8,20946.6,20957.5,1806,140,0
2025-03-03 12:45:00+03:00,20957.2,20964.7,20951.0,20958.2,1859,140,0
2025-03-03 13:00:00+03:00,20957.8,20978.5,20950.2,20977.5,1785,140,0
2025-03-03 13:15:00+03:00,20977.9,20984.9,20967.4,20983.4,1688,140,0
2025-03-03 13:30:00+03:00,20983.3,20985.1,20964.6,20977.0,1769,140,0
2025-03-03 13:45:00+03:00,20977.1,20999.6,20973.3,20995.8,1692,140,0
2025-03-03 14:00:00+03:00,20993.2,21051.5,20985.6,21047.3,2938,150,0
2025-03-03 14:15:00+03:00,21047.3,21054.6,21026.8,21030.3,3010,150,0
2025-03-03 14:30:00+03:00,21030.2,21038.3,21016.1,21027.6,2627,150,0
2025-03-03 14:45:00+03:00,21028.5,21036.6,21014.2,21025.0,2486,150,0
2025-03-03 15:00:00+03:00,21024.7,21031.7,21003.7,21007.5,2701,150,0
2025-03-03 15:15:00+03:00,21007.5,21034.5,20999.5,21028.5,2524,150,0
2025-03-03 15:30:00+03:00,21028.7,21028.8,20990.8,21002.5,3048,150,0
2025-03-03 15:45:00+03:00,21002.5,21026.8,20989.2,21019.6,2763,150,0
2025-03-03 16:00:00+03:00,21019.3,21052.7,21010.7,21031.0,3076,150,0
2025-03-03 16:15:00+03:00,21031.0,21043.7,21003.8,21010.8,3083,150,0
2025-03-03 16:30:00+03:00,21014.0,21074.6,20898.8,20927.8,4957,130,0
2025-03-03 16:45:00+03:00,20925.5,20962.4,20779.3,20789.3,4952,140,0
2025-03-03 17:00:00+03:00,20770.5,20852.1,20715.8,20784.4,5062,140,0
2025-03-03 17:15:00+03:00,20785.0,20913.5,20761.3,20913.4,4822,140,0
2025-03-03 17:30:00+03:00,20914.3,20943.4,20827.5,20936.0,4799,140,0
2025-03-03 17:45:00+03:00,20935.3,20935.3,20804.3,20812.0,4710,140,0
2025-03-03 18:00:00+03:00,20812.8,20880.8,20812.8,20868.3,4678,140,0
2025-03-03 18:15:00+03:00,20871.6,20939.1,20840.1,20841.0,4618,140,0
2025-03-03 18:30:00+03:00,20842.3,20857.8,20786.3,20797.0,4527,140,0
2025-03-03 18:45:00+03:00,20796.3,20897.3,20793.4,20875.9,4384,140,0
2025-03-03 19:00:00+03:00,20875.8,20892.6,20855.8,20887.0,4263,140,0
2025-03-03 19:15:00+03:00,20886.3,20908.3,20867.1,20896.9,4199,140,0
2025-03-03 19:30:00+03:00,20896.8,20918.8,20861.4,20891.8,4306,140,0
2025-03-03 19:45:00+03:00,20892.0,20893.1,20776.6,20804.5,4450,140,0
2025-03-03 20:00:00+03:00,20804.6,20810.8,20660.0,20672.8,4622,140,0
2025-03-03 20:15:00+03:00,20673.3,20725.4,20630.0,20639.4,4482,140,0
2025-03-03 20:30:00+03:00,20639.4,20667.3,20608.5,20646.4,4649,140,0
2025-03-03 20:45:00+03:00,20646.8,20723.3,20626.6,20703.0,4637,140,0
2025-03-03 21:00:00+03:00,20697.0,20746.5,20694.5,20705.5,4369,140,0
2025-03-03 21:15:00+03:00,20705.4,20712.4,20657.0,20669.0,4343,140,0
2025-03-03 21:30:00+03:00,20669.5,20772.5,20666.4,20754.3,4377,140,0
2025-03-03 21:45:00+03:00,20753.8,20753.8,20554.5,20556.9,4683,140,0
2025-03-03 22:00:00+03:00,20557.9,20559.8,20381.8,20416.1,4943,140,0
2025-03-03 22:15:00+03:00,20415.4,20456.0,20315.9,20336.0,4918,140,0
2025-03-03 22:30:00+03:00,20335.5,20390.3,20272.3,20296.9,4827,140,0
2025-03-03 22:45:00+03:00,20297.3,20431.6,20294.4,20426.6,4909,140,0
2025-03-03 23:00:00+03:00,20427.3,20468.0,20419.6,20457.6,3981,140,0
2025-03-03 23:15:00+03:00,20457.7,20488.0,20457.4,20483.5,2563,170,0
2025-03-03 23:30:00+03:00,20483.6,20490.6,20468.4,20482.8,1828,160,0
2025-03-03 23:45:00+03:00,20482.7,20486.9,20475.9,20479.1,469,160,0
2025-03-04 01:00:00+03:00,20455.5,20476.8,20454.0,20465.2,733,150,0
2025-03-04 01:15:00+03:00,20465.5,20509.1,20465.5,20500.2,1329,150,0
2025-03-04 01:30:00+03:00,20500.2,20513.6,20471.7,20476.5,1966,150,0
2025-03-04 01:45:00+03:00,20476.1,20483.5,20456.3,20471.2,2128,150,0
2025-03-04 02:00:00+03:00,20470.5,20486.5,20450.0,20459.6,2644,150,0
2025-03-04 02:15:00+03:00,20459.3,20498.5,20450.3,20485.8,2225,150,0
2025-03-04 02:30:00+03:00,20485.3,20491.6,20464.8,20466.8,1969,150,0
2025-03-04 02:45:00+03:00,20466.0,20512.7,20434.8,20506.6,2676,150,0
2025-03-04 03:00:00+03:00,20507.1,20526.0,20465.0,20468.3,2485,150,0
2025-03-04 03:15:00+03:00,20469.0,20491.6,20451.8,20460.7,2559,150,0
2025-03-04 03:30:00+03:00,20460.8,20466.3,20423.6,20459.0,2994,150,0
2025-03-04 03:45:00+03:00,20459.6,20476.3,20423.6,20433.6,2476,150,0
2025-03-04 04:00:00+03:00,20432.8,20469.3,20428.1,20463.3,2586,150,0
2025-03-04 04:15:00+03:00,20464.3,20478.1,20459.2,20474.5,1941,150,0
2025-03-04 04:30:00+03:00,20474.5,20494.5,20469.7,20482.3,1962,150,0
2025-03-04 04:45:00+03:00,20481.8,20492.6,20470.6,20478.7,1605,150,0
2025-03-04 05:00:00+03:00,20478.6,20493.3,20457.7,20460.5,1838,140,0
2025-03-04 05:15:00+03:00,20461.1,20504.7,20458.8,20495.6,1967,150,0
2025-03-04 05:30:00+03:00,20495.6,20498.6,20473.3,20487.1,1572,150,0
2025-03-04 05:45:00+03:00,20487.5,20500.5,20480.8,20496.2,1283,150,0
2025-03-04 06:00:00+03:00,20496.0,20505.3,20479.8,20495.5,1522,140,0
2025-03-04 06:15:00+03:00,20495.4,20517.3,20484.6,20512.5,1449,140,0
2025-03-04 06:30:00+03:00,20512.6,20517.7,20473.8,20483.1,1797,140,0
2025-03-04 06:45:00+03:00,20483.0,20492.1,20475.2,20485.2,1427,150,0
2025-03-04 07:00:00+03:00,20485.7,20543.6,20437.2,20497.8,2753,150,0
2025-03-04 07:15:00+03:00,20496.8,20537.3,20494.6,20534.1,1849,150,0
2025-03-04 07:30:00+03:00,20534.5,20537.2,20516.5,20518.2,1556,150,0
2025-03-04 07:45:00+03:00,20518.2,20534.2,20514.5,20525.6,1252,150,0
2025-03-04 08:00:00+03:00,20525.5,20528.0,20480.8,20487.5,1501,150,0
2025-03-04 08:15:00+03:00,20487.3,20538.3,20487.1,20519.2,1407,150,0
2025-03-04 08:30:00+03:00,20520.2,20533.2,20482.8,20503.7,2069,150,0
2025-03-04 08:45:00+03:00,20502.3,20536.2,20500.7,20515.3,1577,150,0
2025-03-04 09:00:00+03:00,20515.7,20524.1,20438.6,20457.3,2895,150,0
2025-03-04 09:15:00+03:00,20457.3,20473.8,20448.1,20462.6,2324,150,0
2025-03-04 09:30:00+03:00,20462.1,20473.6,20439.1,20467.8,2123,150,0
2025-03-04 09:45:00+03:00,20468.0,20473.8,20432.5,20445.2,2096,150,0
2025-03-04 10:00:00+03:00,20444.0,20472.2,20422.5,20469.6,3739,150,0
2025-03-04 10:15:00+03:00,20470.6,20486.5,20444.6,20482.5,3101,150,0
2025-03-04 10:30:00+03:00,20482.1,20518.3,20474.7,20514.6,3165,150,0
2025-03-04 10:45:00+03:00,20515.2,20515.2,20455.3,20472.7,3063,150,0
2025-03-04 11:00:00+03:00,20472.3,20522.1,20467.5,20490.8,3284,150,0
2025-03-04 11:15:00+03:00,20490.3,20493.7,20464.0,20490.6,2968,150,0
2025-03-04 11:30:00+03:00,20489.6,20493.3,20445.5,20479.5,2934,150,0
2025-03-04 11:45:00+03:00,20479.1,20491.6,20450.1,20452.0,2502,150,0
2025-03-04 12:00:00+03:00,20451.6,20461.1,20400.7,20459.1,3306,150,0
2025-03-04 12:15:00+03:00,20459.3,20470.2,20415.1,20416.7,2883,150,0
2025-03-04 12:30:00+03:00,20417.2,20435.6,20402.3,20413.8,3253,150,0
2025-03-04 12:45:00+03:00,20414.0,20433.6,20407.6,20419.0,2737,150,0
2025-03-04 13:00:00+03:00,20419.3,20442.8,20407.3,20425.5,2805,150,0
2025-03-04 13:15:00+03:00,20425.3,20438.7,20410.5,20437.3,2497,150,0
2025-03-04 13:30:00+03:00,20437.3,20447.2,20395.5,20427.3,2790,150,0
2025-03-04 13:45:00+03:00,20427.8,20449.1,20424.1,20431.3,2594,150,0
2025-03-04 14:00:00+03:00,20430.8,20430.8,20369.2,20369.3,3552,150,0
2025-03-04 14:15:00+03:00,20369.7,20378.8,20262.8,20268.1,3928,150,0
2025-03-04 14:30:00+03:00,20267.8,20327.2,20267.2,20312.7,3875,150,0
2025-03-04 14:45:00+03:00,20312.6,20333.8,20271.7,20276.6,3767,150,0
2025-03-04 15:00:00+03:00,20274.6,20288.8,20242.7,20246.8,4158,150,0
2025-03-04 15:15:00+03:00,20245.8,20270.3,20218.2,20228.1,3994,150,0
2025-03-04 15:30:00+03:00,20228.1,20308.8,20226.5,20294.5,4223,150,0
2025-03-04 15:45:00+03:00,20294.7,20311.7,20265.6,20281.1,3992,150,0
2025-03-04 16:00:00+03:00,20281.1,20354.2,20276.8,20339.5,4193,150,0
2025-03-04 16:15:00+03:00,20341.0,20342.7,20281.6,20300.0,4288,150,0
2025-03-04 16:30:00+03:00,20302.6,20385.6,20216.9,20285.6,5196,140,0
2025-03-04 16:45:00+03:00,20288.1,20368.0,20184.5,20188.0,5128,140,0
2025-03-04 17:00:00+03:00,20188.6,20211.3,20117.9,20162.8,5150,140,0
2025-03-04 17:15:00+03:00,20161.5,20161.5,20032.1,20115.8,5065,140,0
2025-03-04 17:30:00+03:00,20115.3,20199.4,20091.8,20186.4,5000,140,0
2025-03-04 17:45:00+03:00,20187.1,20217.9,20114.5,20154.1,4976,140,0
2025-03-04 18:00:00+03:00,20153.5,20178.8,20067.3,20160.8,4924,140,0
2025-03-04 18:15:00+03:00,20158.4,20185.5,20065.3,20102.0,4814,140,0
2025-03-04 18:30:00+03:00,20097.9,20218.6,20096.1,20208.8,4894,140,0
2025-03-04 18:45:00+03:00,20208.4,20293.4,20189.4,20254.5,4808,140,0
2025-03-04 19:00:00+03:00,20255.0,20283.0,20222.5,20256.4,4722,140,0
2025-03-04 19:15:00+03:00,20256.0,20385.8,20244.0,20352.1,4588,140,0
2025-03-04 19:30:00+03:00,20351.8,20359.3,20287.5,20323.1,4738,140,0
2025-03-04 19:45:00+03:00,20323.4,20369.6,20274.1,20292.9,4753,140,0
2025-03-04 20:00:00+03:00,20294.9,20451.0,20268.9,20435.9,4682,140,0
2025-03-04 20:15:00+03:00,20436.4,20439.9,20325.8,20334.8,4736,140,0
2025-03-04 20:30:00+03:00,20334.3,20432.5,20308.8,20410.4,4660,140,0
2025-03-04 20:45:00+03:00,20410.9,20478.6,20390.5,20457.5,4451,140,0
2025-03-04 21:00:00+03:00,20455.6,20544.0,20454.5,20505.9,4601,140,0
2025-03-04 21:15:00+03:00,20506.3,20580.0,20492.5,20519.3,4499,140,0
2025-03-04 21:30:00+03:00,20519.9,20572.0,20494.5,20559.9,4718,140,0
2025-03-04 21:45:00+03:00,20560.1,20587.6,20538.8,20576.3,4591,140,0
2025-03-04 22:00:00+03:00,20575.5,20637.3,20555.1,20622.5,4566,140,0
2025-03-04 22:15:00+03:00,20623.0,20688.6,20598.8,20626.8,4548,140,0
2025-03-04 22:30:00+03:00,20627.5,20636.8,20440.1,20481.3,5025,140,0
2025-03-04 22:45:00+03:00,20486.5,20508.6,20280.6,20353.1,4933,140,0
2025-03-04 23:00:00+03:00,20353.4,20470.0,20351.4,20437.2,4680,140,0
2025-03-04 23:15:00+03:00,20437.1,20547.6,20415.1,20519.9,3506,170,0
2025-03-04 23:30:00+03:00,20519.6,20528.0,20439.9,20470.1,2542,170,0
2025-03-04 23:45:00+03:00,20470.5,20496.7,20460.9,20491.0,593,170,0
2025-03-05 01:00:00+03:00,20528.2,20531.7,20511.6,20526.6,785,150,0
2025-03-05 01:15:00+03:00,20527.0,20549.1,20515.2,20544.6,1114,140,0
2025-03-05 01:30:00+03:00,20543.7,20552.7,20528.2,20534.1,1530,150,0
2025-03-05 01:45:00+03:00,20534.1,20539.4,20517.4,20536.5,1641,150,0
2025-03-05 02:00:00+03:00,20536.0,20546.6,20519.9,20524.2,1804,150,0
2025-03-05 02:15:00+03:00,20524.4,20526.7,20478.9,20498.2,2375,150,0
2025-03-05 02:30:00+03:00,20498.7,20504.5,20444.2,20481.6,2807,150,0
2025-03-05 02:45:00+03:00,20483.0,20497.7,20472.9,20492.2,2300,150,0
2025-03-05 03:00:00+03:00,20492.7,20500.0,20462.7,20476.1,2549,150,0
2025-03-05 03:15:00+03:00,20476.0,20496.9,20452.7,20478.5,2550,150,0
2025-03-05 03:30:00+03:00,20478.5,20497.1,20411.5,20494.1,3117,150,0
2025-03-05 03:45:00+03:00,20493.9,20496.7,20459.0,20460.7,2405,150,0
2025-03-05 04:00:00+03:00,20460.7,20462.7,20418.1,20426.0,2524,150,0
2025-03-05 04:15:00+03:00,20426.2,20460.1,20414.6,20432.0,2310,150,0
2025-03-05 04:30:00+03:00,20433.0,20453.1,20399.9,20450.2,2482,150,0
2025-03-05 04:45:00+03:00,20450.6,20468.4,20432.1,20437.2,2232,150,0
2025-03-05 05:00:00+03:00,20437.1,20514.7,20417.0,20509.7,2785,150,0
2025-03-05 05:15:00+03:00,20509.7,20511.4,20491.0,20493.7,1927,150,0
2025-03-05 05:30:00+03:00,20493.7,20505.9,20457.0,20467.0,2285,150,0
2025-03-05 05:45:00+03:00,20467.2,20520.7,20457.9,20506.5,2242,150,0
2025-03-05 06:00:00+03:00,20506.6,20525.4,20488.7,20515.1,1921,150,0
2025-03-05 06:15:00+03:00,20515.2,20517.6,20496.1,20501.2,1273,140,0
2025-03-05 06:30:00+03:00,20500.6,20501.2,20487.2,20498.2,1185,140,0
2025-03-05 06:45:00+03:00,20497.4,20500.8,20489.7,20495.2,859,140,0
2025-03-05 07:00:00+03:00,20495.3,20511.0,20492.0,20500.0,1188,140,0
2025-03-05 07:15:00+03:00,20500.1,20500.1,20464.2,20464.2,1949,150,0
2025-03-05 07:30:00+03:00,20464.6,20506.7,20464.6,20504.0,1486,140,0
2025-03-05 07:45:00+03:00,20503.7,20515.4,20502.5,20507.7,1272,140,0
2025-03-05 08:00:00+03:00,20508.6,20524.7,20502.5,20522.8,1311,140,0
2025-03-05 08:15:00+03:00,20521.7,20523.3,20479.6,20484.1,1781,140,0
2025-03-05 08:30:00+03:00,20484.1,20507.2,20476.0,20497.8,1766,140,0
2025-03-05 08:45:00+03:00,20497.8,20517.0,20494.0,20506.2,1343,140,0
2025-03-05 09:00:00+03:00,20506.6,20534.9,20495.1,20503.6,2108,150,0
2025-03-05 09:15:00+03:00,20500.7,20514.7,20497.5,20510.7,1662,150,0
2025-03-05 09:30:00+03:00,20510.1,20518.6,20496.0,20505.7,2082,150,0
2025-03-05 09:45:00+03:00,20505.5,20519.4,20493.9,20498.9,2183,150,0
2025-03-05 10:00:00+03:00,20499.2,20502.9,20471.6,20491.5,3678,150,0
2025-03-05 10:15:00+03:00,20491.9,20567.0,20491.9,20561.0,3168,150,0
2025-03-05 10:30:00+03:00,20561.1,20564.0,20510.7,20518.9,3071,150,0
2025-03-05 10:45:00+03:00,20518.5,20521.6,20494.9,20508.6,2703,150,0
2025-03-05 11:00:00+03:00,20510.0,20528.2,20483.7,20523.0,2919,150,0
2025-03-05 11:15:00+03:00,20523.2,20560.6,20509.0,20552.1,2879,150,0
2025-03-05 11:30:00+03:00,20552.1,20576.6,20550.2,20576.4,2518,150,0
2025-03-05 11:45:00+03:00,20576.6,20587.1,20558.7,20566.9,2567,150,0
2025-03-05 12:00:00+03:00,20567.0,20580.0,20517.1,20528.4,2718,150,0
2025-03-05 12:15:00+03:00,20528.1,20532.4,20493.0,20502.0,2818,150,0
2025-03-05 12:30:00+03:00,20502.2,20542.4,20499.4,20534.1,2611,150,0
2025-03-05 12:45:00+03:00,20533.7,20546.7,20497.5,20502.7,2384,150,0
2025-03-05 13:00:00+03:00,20504.0,20511.0,20485.0,20502.0,2512,150,0
2025-03-05 13:15:00+03:00,20501.1,20510.9,20483.6,20498.1,2244,150,0
2025-03-05 13:30:00+03:00,20498.5,20511.0,20485.9,20508.9,2339,150,0
2025-03-05 13:45:00+03:00,20508.9,20515.5,20400.7,20450.9,3113,150,0
2025-03-05 14:00:00+03:00,20450.9,20484.0,20439.1,20458.5,2965,150,0
2025-03-05 14:15:00+03:00,20458.4,20462.7,20418.5,20452.6,2949,150,0
2025-03-05 14:30:00+03:00,20453.5,20481.4,20451.1,20480.6,2305,150,0
2025-03-05 14:45:00+03:00,20480.5,20483.2,20431.6,20443.1,2970,150,0
2025-03-05 15:00:00+03:00,20443.4,20478.5,20413.4,20442.34,3388,150,0
2025-03-05 15:15:00+03:00,20442.19,20445.9,20364.6,20384.4,3236,150,0
2025-03-05 15:30:00+03:00,20386.9,20426.7,20372.4,20373.6,3522,150,0
2025-03-05 15:45:00+03:00,20373.9,20417.4,20366.7,20377.1,3400,150,0
2025-03-05 16:00:00+03:00,20377.1,20399.4,20337.7,20398.4,3915,150,0
2025-03-05 16:15:00+03:00,20398.5,20423.1,20371.5,20379.4,4008,150,0
2025-03-05 16:30:00+03:00,20378.2,20412.7,20272.4,20383.9,5044,140,0
2025-03-05 16:45:00+03:00,20383.7,20391.5,20229.0,20277.54,4976,140,0
2025-03-05 17:00:00+03:00,20356.59,20453.9,20335.9,20391.3,4970,140,0
2025-03-05 17:15:00+03:00,20390.5,20400.5,20259.3,20287.7,4999,140,0
2025-03-05 17:30:00+03:00,20287.8,20397.5,20270.8,20367.9,4884,140,0
2025-03-05 17:45:00+03:00,20367.3,20395.7,20293.7,20350.8,4764,140,0
2025-03-05 18:00:00+03:00,20349.2,20349.2,20211.5,20253.9,4759,140,0
2025-03-05 18:15:00+03:00,20253.2,20266.2,20212.2,20259.4,4647,140,0
2025-03-05 18:30:00+03:00,20258.8,20258.8,20178.7,20191.4,4601,140,0
2025-03-05 18:45:00+03:00,20191.4,20337.0,20175.3,20294.8,4652,140,0
2025-03-05 19:00:00+03:00,20291.9,20358.5,20290.8,20327.0,4821,140,0
2025-03-05 19:15:00+03:00,20326.9,20434.2,20323.4,20431.2,4580,140,0
2025-03-05 19:30:00+03:00,20430.9,20469.9,20421.0,20454.4,4407,140,0
2025-03-05 19:45:00+03:00,20453.9,20533.3,20399.4,20527.9,4485,140,0
2025-03-05 20:00:00+03:00,20527.2,20543.4,20404.9,20475.8,4705,140,0
2025-03-05 20:15:00+03:00,20480.3,20505.0,20441.8,20462.9,4739,140,0
2025-03-05 20:30:00+03:00,20462.0,20484.2,20407.2,20437.4,4706,140,0
2025-03-05 20:45:00+03:00,20438.0,20553.4,20438.0,20548.8,4563,140,0
2025-03-05 21:00:00+03:00,20548.9,20663.0,20517.8,20651.4,4508,140,0
2025-03-05 21:15:00+03:00,20650.9,20668.4,20590.7,20597.4,4589,140,0
2025-03-05 21:30:00+03:00,20597.9,20628.4,20558.7,20596.4,4566,140,0
2025-03-05 21:45:00+03:00,20599.7,20650.9,20582.7,20609.9,4417,140,0
2025-03-05 22:00:00+03:00,20609.4,20682.4,20603.9,20670.4,4404,140,0
2025-03-05 22:15:00+03:00,20670.2,20680.4,20564.3,20648.2,4633,140,0
2025-03-05 22:30:00+03:00,20641.9,20649.7,20596.9,20641.4,4493,140,0
2025-03-05 22:45:00+03:00,20641.4,20661.8,20560.9,20618.5,4616,140,0
2025-03-05 23:00:00+03:00,20617.0,20620.0,20535.5,20555.0,3418,140,0
2025-03-05 23:15:00+03:00,20555.9,20586.3,20555.4,20571.6,1489,170,0
2025-03-05 23:30:00+03:00,20569.6,20575.6,20554.9,20566.4,1377,170,0
2025-03-05 23:45:00+03:00,20566.3,20570.6,20551.6,20560.6,557,170,0
2025-03-06 01:00:00+03:00,20588.0,20601.7,20580.7,20596.2,562,140,0
2025-03-06 01:15:00+03:00,20595.4,20595.7,20573.5,20580.0,941,140,0
2025-03-06 01:30:00+03:00,20579.9,20581.0,20548.0,20573.2,1217,140,0
2025-03-06 01:45:00+03:00,20573.0,20575.7,20563.5,20564.5,834,140,0
2025-03-06 02:00:00+03:00,20564.2,20589.9,20553.4,20587.7,1306,140,0
2025-03-06 02:15:00+03:00,20588.0,20596.0,20581.9,20592.2,1213,140,0
2025-03-06 02:30:00+03:00,20592.3,20593.2,20580.4,20582.4,953,140,0
2025-03-06 02:45:00+03:00,20582.7,20582.7,20543.4,20549.1,1390,140,0
2025-03-06 03:00:00+03:00,20549.5,20571.0,20543.9,20568.5,1661,140,0
2025-03-06 03:15:00+03:00,20568.3,20572.9,20556.6,20569.7,1374,140,0
2025-03-06 03:30:00+03:00,20570.1,20570.5,20546.9,20558.4,1641,140,0
2025-03-06 03:45:00+03:00,20558.0,20576.2,20553.0,20573.0,1459,140,0
2025-03-06 04:00:00+03:00,20573.4,20589.9,20572.4,20577.4,1483,140,0
2025-03-06 04:15:00+03:00,20577.0,20577.5,20549.5,20556.9,1270,140,0
2025-03-06 04:30:00+03:00,20556.8,20582.4,20553.4,20562.0,1165,140,0
2025-03-06 04:45:00+03:00,20562.2,20569.3,20560.7,20564.4,843,130,0
2025-03-06 05:00:00+03:00,20564.5,20566.4,20551.9,20554.5,920,130,0
2025-03-06 05:15:00+03:00,20554.4,20564.0,20551.4,20562.5,894,140,0
2025-03-06 05:30:00+03:00,20561.2,20576.4,20555.7,20572.5,1037,140,0
2025-03-06 05:45:00+03:00,20572.5,20586.0,20572.2,20582.4,865,130,0
2025-03-06 06:00:00+03:00,20581.8,20589.4,20579.3,20586.2,867,130,0
2025-03-06 06:15:00+03:00,20585.9,20594.4,20583.0,20586.3,789,130,0
2025-03-06 06:30:00+03:00,20587.0,20598.4,20587.0,20592.9,733,130,0
2025-03-06 06:45:00+03:00,20592.8,20604.2,20592.7,20596.8,629,130,0
2025-03-06 07:00:00+03:00,20596.8,20603.5,20593.2,20603.0,915,130,0
2025-03-06 07:15:00+03:00,20603.2,20606.0,20593.4,20593.9,864,130,0
2025-03-06 07:30:00+03:00,20593.7,20598.0,20585.0,20586.0,910,130,0
2025-03-06 07:45:00+03:00,20586.0,20588.0,20565.5,20570.9,1237,130,0
2025-03-06 08:00:00+03:00,20570.8,20582.9,20555.5,20579.2,1616,140,0
2025-03-06 08:15:00+03:00,20579.4,20592.5,20576.6,20591.0,1255,130,0
2025-03-06 08:30:00+03:00,20591.2,20598.3,20588.8,20596.5,1116,130,0
2025-03-06 08:45:00+03:00,20596.3,20598.5,20587.7,20593.8,888,130,0
2025-03-06 09:00:00+03:00,20593.8,20600.8,20585.5,20586.7,1513,130,0
2025-03-06 09:15:00+03:00,20586.4,20594.4,20570.5,20571.7,1684,140,0
2025-03-06 09:30:00+03:00,20571.5,20582.4,20534.7,20538.9,1789,150,0
2025-03-06 09:45:00+03:00,20539.5,20544.9,20490.6,20492.7,2812,150,0
2025-03-06 10:00:00+03:00,20492.7,20514.7,20429.9,20459.5,3869,150,0
2025-03-06 10:15:00+03:00,20458.9,20492.1,20435.7,20465.2,3384,150,0
2025-03-06 10:30:00+03:00,20466.1,20480.0,20423.6,20437.0,3068,150,0
2025-03-06 10:45:00+03:00,20436.6,20450.4,20391.4,20402.4,3096,150,0
2025-03-06 11:00:00+03:00,20402.5,20444.7,20380.0,20405.9,3493,150,0
2025-03-06 11:15:00+03:00,20405.5,20417.9,20349.7,20355.6,3311,150,0
2025-03-06 11:30:00+03:00,20355.6,20396.7,20335.2,20395.4,3415,150,0
2025-03-06 11:45:00+03:00,20394.7,20403.0,20350.4,20367.2,3272,150,0
2025-03-06 12:00:00+03:00,20367.5,20378.1,20330.6,20362.2,3336,150,0
2025-03-06 12:15:00+03:00,20362.5,20397.5,20355.5,20388.5,3033,150,0
2025-03-06 12:30:00+03:00,20388.1,20388.5,20344.7,20353.4,2776,150,0
2025-03-06 12:45:00+03:00,20353.4,20360.9,20324.6,20338.6,2730,150,0
2025-03-06 13:00:00+03:00,20338.0,20348.4,20311.4,20336.7,2976,150,0
2025-03-06 13:15:00+03:00,20336.6,20360.4,20327.9,20344.7,2646,150,0
2025-03-06 13:30:00+03:00,20344.5,20377.9,20341.7,20375.6,2462,150,0
2025-03-06 13:45:00+03:00,20375.5,20388.0,20368.5,20382.1,2543,150,0
2025-03-06 14:00:00+03:00,20382.5,20386.9,20345.6,20353.4,2787,150,0
2025-03-06 14:15:00+03:00,20353.1,20367.0,20332.1,20364.6,2846,150,0
2025-03-06 14:30:00+03:00,20364.6,20369.7,20313.0,20332.4,2994,150,0
2025-03-06 14:45:00+03:00,20332.5,20349.1,20320.7,20329.7,2801,150,0
2025-03-06 15:00:00+03:00,20330.4,20333.0,20284.0,20289.0,3217,150,0
2025-03-06 15:15:00+03:00,20290.0,20303.9,20258.5,20274.74,3573,150,0
2025-03-06 15:30:00+03:00,20275.14,20342.9,20267.49,20306.9,3554,150,0
2025-03-06 15:45:00+03:00,20307.0,20308.7,20275.4,20285.1,3373,150,0
2025-03-06 16:00:00+03:00,20285.0,20330.6,20264.7,20319.0,3341,150,0
2025-03-06 16:15:00+03:00,20318.7,20318.7,20264.1,20269.7,3792,150,0
2025-03-06 16:30:00+03:00,20268.5,20278.2,20188.2,20207.5,5073,140,0
2025-03-06 16:45:00+03:00,20207.8,20301.5,20200.8,20241.3,4935,140,0
2025-03-06 17:00:00+03:00,20237.7,20385.4,20212.7,20361.3,4956,140,0
2025-03-06 17:15:00+03:00,20361.3,20441.8,20355.2,20417.7,4815,140,0
2025-03-06 17:30:00+03:00,20417.0,20471.5,20374.0,20454.9,4737,140,0
2025-03-06 17:45:00+03:00,20450.8,20466.4,20344.9,20389.0,4676,140,0
2025-03-06 18:00:00+03:00,20391.4,20454.8,20383.7,20418.3,4669,140,0
2025-03-06 18:15:00+03:00,20418.3,20425.9,20312.0,20372.2,4720,140,0
2025-03-06 18:30:00+03:00,20372.0,20434.4,20284.3,20300.2,4917,140,0
2025-03-06 18:45:00+03:00,20299.5,20317.0,20205.5,20210.2,4785,140,0
2025-03-06 19:00:00+03:00,20211.0,20234.5,20117.8,20126.7,4817,140,0
2025-03-06 19:15:00+03:00,20127.4,20190.0,20087.4,20115.0,4710,140,0
2025-03-06 19:30:00+03:00,20114.8,20162.7,20099.7,20118.4,4634,140,0
2025-03-06 19:45:00+03:00,20118.8,20151.4,20049.8,20130.5,4718,140,0
2025-03-06 20:00:00+03:00,20130.8,20141.8,20082.9,20120.5,4585,140,0
2025-03-06 20:15:00+03:00,20120.8,20166.2,20085.9,20094.8,4621,140,0
2025-03-06 20:30:00+03:00,20093.7,20122.0,20002.2,20029.4,4636,140,0
2025-03-06 20:45:00+03:00,20028.8,20100.7,20019.4,20077.5,4638,140,0
2025-03-06 21:00:00+03:00,20078.0,20085.8,20015.0,20031.3,4598,140,0
2025-03-06 21:15:00+03:00,20032.0,20051.4,19968.2,19987.3,4562,140,0
2025-03-06 21:30:00+03:00,19987.8,20037.8,19961.9,20021.0,4618,140,0
2025-03-06 21:45:00+03:00,20020.8,20165.9,20002.0,20009.5,4858,140,0
2025-03-06 22:00:00+03:00,20010.0,20097.0,19986.8,20088.0,4790,140,0
2025-03-06 22:15:00+03:00,20087.4,20108.8,19993.5,20064.5,4678,140,0
2025-03-06 22:30:00+03:00,20066.4,20113.2,20006.8,20014.8,4779,140,0
2025-03-06 22:45:00+03:00,20013.3,20078.8,20000.7,20050.2,4799,140,0
2025-03-06 23:00:00+03:00,20051.8,20102.6,20036.1,20085.5,3414,140,0
2025-03-06 23:15:00+03:00,20081.6,20175.0,20078.0,20155.9,3000,170,0
2025-03-06 23:30:00+03:00,20157.1,20159.9,20119.4,20134.6,2201,170,0
2025-03-06 23:45:00+03:00,20134.0,20149.6,20134.0,20144.4,653,170,0
2025-03-07 01:00:00+03:00,20178.7,20178.7,20160.3,20171.6,729,150,0
2025-03-07 01:15:00+03:00,20171.2,20172.8,20137.1,20138.3,1023,140,0
2025-03-07 01:30:00+03:00,20138.1,20159.0,20138.1,20148.6,841,140,0
2025-03-07 01:45:00+03:00,20148.5,20149.0,20128.1,20146.6,1241,140,0
2025-03-07 02:00:00+03:00,20147.2,20155.5,20125.2,20154.8,1636,150,0
2025-03-07 02:15:00+03:00,20155.1,20161.2,20101.2,20118.2,1811,150,0
2025-03-07 02:30:00+03:00,20118.6,20155.8,20113.1,20148.6,1900,150,0
2025-03-07 02:45:00+03:00,20148.5,20156.1,20133.5,20134.5,1980,150,0
2025-03-07 03:00:00+03:00,20135.1,20178.8,20121.1,20175.2,2359,150,0
2025-03-07 03:15:00+03:00,20175.0,20176.5,20150.2,20153.0,1983,150,0
2025-03-07 03:30:00+03:00,20152.8,20156.8,20142.6,20155.8,2124,150,0
2025-03-07 03:45:00+03:00,20155.6,20162.0,20145.5,20156.1,1814,140,0
2025-03-07 04:00:00+03:00,20156.3,20158.1,20139.5,20157.3,1650,150,0
2025-03-07 04:15:00+03:00,20157.5,20176.6,20146.6,20147.8,1700,140,0
2025-03-07 04:30:00+03:00,20147.7,20161.8,20135.3,20161.3,1626,140,0
2025-03-07 04:45:00+03:00,20161.2,20164.3,20151.8,20155.0,1327,140,0
2025-03-07 05:00:00+03:00,20156.4,20158.8,20133.9,20135.1,1423,140,0
2025-03-07 05:15:00+03:00,20135.6,20145.6,20123.5,20141.8,1360,140,0
2025-03-07 05:30:00+03:00,20142.0,20143.0,20131.3,20139.4,1395,140,0
2025-03-07 05:45:00+03:00,20139.9,20140.3,20127.8,20130.4,1263,140,0
2025-03-07 06:00:00+03:00,20130.3,20151.1,20127.0,20139.1,1171,140,0
2025-03-07 06:15:00+03:00,20138.8,20139.1,20118.3,20127.3,1094,140,0
2025-03-07 06:30:00+03:00,20127.3,20141.1,20125.6,20139.1,1037,140,0
2025-03-07 06:45:00+03:00,20138.9,20146.3,20135.0,20143.3,895,140,0
2025-03-07 07:00:00+03:00,20143.4,20147.0,20121.2,20130.1,1434,140,0
2025-03-07 07:15:00+03:00,20130.0,20145.3,20124.3,20136.0,1400,140,0
2025-03-07 07:30:00+03:00,20136.3,20145.6,20130.8,20131.9,1363,140,0
2025-03-07 07:45:00+03:00,20132.1,20133.8,20099.3,20112.8,1520,140,0
2025-03-07 08:00:00+03:00,20113.6,20117.0,20079.1,20097.2,2125,150,0
2025-03-07 08:15:00+03:00,20097.1,20108.7,20093.6,20101.1,1654,150,0
2025-03-07 08:30:00+03:00,20100.5,20105.1,20079.5,20086.7,1665,150,0
2025-03-07 08:45:00+03:00,20087.2,20094.1,20073.7,20088.1,1516,140,0
2025-03-07 09:00:00+03:00,20087.3,20136.1,20080.6,20124.7,2091,150,0
2025-03-07 09:15:00+03:00,20124.3,20131.3,20114.1,20125.6,1713,150,0
2025-03-07 09:30:00+03:00,20125.3,20127.2,20092.7,20107.3,1846,150,0
2025-03-07 09:45:00+03:00,20107.5,20135.2,20103.1,20126.6,2171,150,0
2025-03-07 10:00:00+03:00,20126.3,20144.6,20114.3,20137.3,3248,150,0
2025-03-07 10:15:00+03:00,20137.2,20146.5,20118.7,20133.7,2482,150,0
2025-03-07 10:30:00+03:00,20133.7,20148.8,20105.3,20132.8,2585,150,0
2025-03-07 10:45:00+03:00,20133.1,20138.7,20115.0,20128.7,2376,150,0
2025-03-07 11:00:00+03:00,20128.7,20187.0,20118.2,20182.5,2911,150,0
2025-03-07 11:15:00+03:00,20183.2,20183.2,20152.2,20165.1,2689,150,0
2025-03-07 11:30:00+03:00,20165.2,20176.3,20143.7,20151.2,2368,150,0
2025-03-07 11:45:00+03:00,20151.2,20173.8,20149.8,20157.0,1819,140,0
2025-03-07 12:00:00+03:00,20158.3,20160.0,20117.0,20142.5,2331,140,0
2025-03-07 12:15:00+03:00,20142.5,20150.5,20132.8,20141.3,1928,150,0
2025-03-07 12:30:00+03:00,20140.8,20154.2,20132.6,20140.6,1837,150,0
2025-03-07 12:45:00+03:00,20140.6,20146.2,20124.8,20137.6,1779,140,0
2025-03-07 13:00:00+03:00,20137.6,20148.3,20111.0,20131.7,2205,150,0
2025-03-07 13:15:00+03:00,20131.6,20147.0,20128.6,20141.0,1578,140,0
2025-03-07 13:30:00+03:00,20141.5,20161.1,20136.6,20140.3,1843,150,0
2025-03-07 13:45:00+03:00,20140.1,20145.8,20129.0,20144.0,1575,140,0
2025-03-07 14:00:00+03:00,20144.0,20144.0,20108.7,20127.1,2432,150,0
2025-03-07 14:15:00+03:00,20127.2,20129.8,20085.0,20088.8,2440,150,0
2025-03-07 14:30:00+03:00,20088.8,20104.2,20054.8,20055.8,2794,150,0
2025-03-07 14:45:00+03:00,20055.8,20091.1,20055.0,20084.1,3081,150,0
2025-03-07 15:00:00+03:00,20083.6,20092.6,20057.0,20060.5,2981,150,0
2025-03-07 15:15:00+03:00,20060.7,20080.2,20043.5,20068.21,3322,150,0
2025-03-07 15:30:00+03:00,20062.31,20230.1,20028.52,20130.6,4559,150,0
2025-03-07 15:45:00+03:00,20130.5,20137.0,20000.0,20026.8,4025,150,0
2025-03-07 16:00:00+03:00,20026.0,20072.2,19987.0,20018.3,4190,150,0
2025-03-07 16:15:00+03:00,20018.3,20043.7,19991.7,19997.6,3679,150,0
2025-03-07 16:30:00+03:00,19997.2,20149.6,19987.4,20106.3,5080,140,0
2025-03-07 16:45:00+03:00,20108.3,20201.1,20096.0,20100.3,4946,140,0
2025-03-07 17:00:00+03:00,20100.4,20151.6,20042.8,20075.8,4978,140,0
2025-03-07 17:15:00+03:00,20075.1,20091.1,20003.4,20017.9,4957,140,0
2025-03-07 17:30:00+03:00,20012.6,20013.0,19847.8,19906.1,4978,140,0
2025-03-07 17:45:00+03:00,19907.4,20040.5,19894.1,19981.8,4965,140,0
2025-03-07 18:00:00+03:00,19981.4,19993.6,19923.9,19944.6,4804,140,0
2025-03-07 18:15:00+03:00,19944.6,19953.1,19818.0,19830.6,4786,140,0
2025-03-07 18:30:00+03:00,19836.3,19843.5,19746.6,19790.4,4850,140,0
2025-03-07 18:45:00+03:00,19788.9,19801.3,19726.8,19790.3,4807,140,0
2025-03-07 19:00:00+03:00,19790.1,19855.3,19735.5,19780.4,4849,140,0
2025-03-07 19:15:00+03:00,19780.4,19835.1,19733.6,19833.9,4660,140,0
2025-03-07 19:30:00+03:00,19833.4,19966.1,19806.4,19962.4,4764,140,0
2025-03-07 19:45:00+03:00,19961.6,20043.4,19882.0,19904.3,4797,140,0
2025-03-07 20:00:00+03:00,19904.8,20077.1,19903.6,20043.9,4913,140,0
2025-03-07 20:15:00+03:00,20045.8,20082.8,19998.4,20013.4,4802,140,0
2025-03-07 20:30:00+03:00,20015.8,20117.8,20001.3,20087.9,4731,140,0
2025-03-07 20:45:00+03:00,20085.4,20136.1,20079.8,20128.9,4637,140,0
2025-03-07 21:00:00+03:00,20129.0,20167.0,20081.0,20126.9,4604,140,0
2025-03-07 21:15:00+03:00,20127.9,20231.5,20121.1,20210.5,4627,140,0
2025-03-07 21:30:00+03:00,20214.1,20232.8,20152.4,20164.6,4610,140,0
2025-03-07 21:45:00+03:00,20165.8,20173.3,20123.5,20153.1,4675,140,0
2025-03-07 22:00:00+03:00,20152.6,20213.3,20133.3,20181.6,4556,140,0
2025-03-07 22:15:00+03:00,20177.4,20209.6,20131.6,20185.3,4573,140,0
2025-03-07 22:30:00+03:00,20185.3,20197.3,20058.3,20128.6,4758,140,0
2025-03-07 22:45:00+03:00,20128.5,20244.9,20121.9,20187.1,4746,140,0
2025-03-07 23:00:00+03:00,20185.6,20185.6,20104.7,20168.6,3825,140,0
2025-03-07 23:15:00+03:00,20168.9,20181.0,20150.2,20162.1,2035,170,0
2025-03-07 23:30:00+03:00,20162.6,20175.0,20158.1,20158.7,1415,160,0
2025-03-07 23:45:00+03:00,20159.2,20171.5,20157.1,20168.9,432,160,0
2025-03-10 01:00:00+03:00,20062.25,20064.75,19987.35,19998.75,1665,210,0
2025-03-10 01:15:00+03:00,19997.35,20023.35,19962.45,20010.65,2202,210,0
2025-03-10 01:30:00+03:00,20011.35,20039.15,19992.85,20025.95,1655,210,0
2025-03-10 01:45:00+03:00,20026.35,20040.75,19977.25,19977.45,1474,210,0
2025-03-10 02:00:00+03:00,19977.95,20001.45,19899.15,19990.65,2322,210,0
2025-03-10 02:15:00+03:00,19990.25,20026.25,19982.85,20010.75,1535,210,0
2025-03-10 02:30:00+03:00,20010.75,20017.35,19989.65,19991.95,1269,210,0
2025-03-10 02:45:00+03:00,19992.45,20001.95,19972.15,19998.95,1706,210,0
2025-03-10 03:00:00+03:00,19996.95,20024.25,19982.45,20008.95,2509,210,0
2025-03-10 03:15:00+03:00,20008.85,20009.15,19972.45,19986.65,2353,210,0
2025-03-10 03:30:00+03:00,19987.35,20010.95,19980.15,20007.85,1937,210,0
2025-03-10 03:45:00+03:00,20008.15,20032.25,20003.15,20031.15,1935,210,0
2025-03-10 04:00:00+03:00,20030.75,20061.15,20025.85,20047.95,2369,210,0
2025-03-10 04:15:00+03:00,20048.15,20055.25,20039.65,20044.25,1876,210,0
2025-03-10 04:30:00+03:00,20043.35,20090.85,20043.35,20071.65,2325,200,0
2025-03-10 04:45:00+03:00,20071.85,20101.45,20062.95,20099.15,2001,200,0
2025-03-10 05:00:00+03:00,20098.95,20105.85,20087.75,20095.95,1737,190,0
2025-03-10 05:15:00+03:00,20095.75,20099.55,20082.65,20087.95,1539,190,0
2025-03-10 05:30:00+03:00,20087.75,20118.75,20083.35,20104.45,1778,200,0
2025-03-10 05:45:00+03:00,20104.15,20112.65,20097.15,20102.25,1449,180,0
2025-03-10 06:00:00+03:00,20102.15,20116.45,20076.75,20084.85,1663,180,0
2025-03-10 06:15:00+03:00,20085.15,20091.45,20067.45,20071.15,1753,210,0
2025-03-10 06:30:00+03:00,20071.15,20104.55,20067.95,20103.55,1505,190,0
2025-03-10 06:45:00+03:00,20103.65,20110.55,20088.05,20091.45,1283,180,0
2025-03-10 07:00:00+03:00,20091.25,20109.95,20087.25,20107.35,1152,190,0
2025-03-10 07:15:00+03:00,20107.35,20117.75,20105.15,20112.25,1183,170,0
2025-03-10 07:30:00+03:00,20111.15,20112.15,20078.95,20081.85,1361,190,0
2025-03-10 07:45:00+03:00,20081.45,20088.95,20056.95,20059.35,1404,190,0
2025-03-10 08:00:00+03:00,20059.45,20085.55,20059.35,20080.25,1401,190,0
2025-03-10 08:15:00+03:00,20080.55,20097.65,20078.05,20090.05,1276,180,0
2025-03-10 08:30:00+03:00,20090.15,20096.55,20066.75,20066.75,1506,190,0
2025-03-10 08:45:00+03:00,20067.05,20075.85,20042.95,20055.95,1646,200,0
2025-03-10 09:00:00+03:00,20056.25,20081.95,20056.25,20076.85,1475,200,0
2025-03-10 09:15:00+03:00,20076.75,20089.75,20073.15,20077.45,1467,190,0
2025-03-10 09:30:00+03:00,20077.45,20087.05,20066.95,20080.75,1444,200,0
2025-03-10 09:45:00+03:00,20080.65,20088.15,20070.05,20075.15,1093,190,0
2025-03-10 10:00:00+03:00,20074.95,20104.65,20073.05,20081.25,1977,200,0
2025-03-10 10:15:00+03:00,20081.25,20085.15,20052.75,20060.95,1908,210,0
2025-03-10 10:30:00+03:00,20061.35,20091.95,20050.75,20086.45,1804,210,0
2025-03-10 10:45:00+03:00,20086.75,20086.75,20054.25,20056.85,1805,210,0
2025-03-10 11:00:00+03:00,20057.85,20077.75,20001.25,20004.45,3490,210,0
2025-03-10 11:15:00+03:00,20005.15,20019.15,19983.25,20007.95,3255,210,0
2025-03-10 11:30:00+03:00,20008.15,20010.15,19943.65,19949.45,3114,210,0
2025-03-10 11:45:00+03:00,19949.45,19967.15,19914.35,19923.85,3360,210,0
2025-03-10 12:00:00+03:00,19923.75,19956.25,19916.95,19921.45,3415,210,0
2025-03-10 12:15:00+03:00,19921.65,19990.75,19920.35,19976.65,3438,210,0
2025-03-10 12:30:00+03:00,19976.65,20008.25,19976.15,20000.25,2829,210,0
2025-03-10 12:45:00+03:00,20000.25,20020.15,19946.45,19968.25,3175,210,0
2025-03-10 13:00:00+03:00,19968.75,19988.65,19946.85,19957.15,2682,210,0
2025-03-10 13:15:00+03:00,19957.15,19962.65,19937.65,19940.65,2495,210,0
2025-03-10 13:30:00+03:00,19941.65,19962.85,19917.75,19924.85,2136,210,0
2025-03-10 13:45:00+03:00,19925.15,19947.45,19905.65,19935.35,2058,210,0
2025-03-10 14:00:00+03:00,19934.25,19962.15,19907.65,19952.35,3051,210,0
2025-03-10 14:15:00+03:00,19951.45,19985.65,19936.95,19975.85,2302,210,0
2025-03-10 14:30:00+03:00,19976.25,19982.35,19923.75,19936.15,2236,210,0
2025-03-10 14:45:00+03:00,19936.25,19949.65,19886.75,19915.25,2356,210,0
2025-03-10 15:00:00+03:00,19916.15,19919.15,19851.25,19871.25,2874,210,0
2025-03-10 15:15:00+03:00,19868.45,19897.45,19852.45,19854.25,2526,210,0
2025-03-10 15:30:00+03:00,19853.85,19862.45,19826.35,19857.45,3600,210,0
2025-03-10 15:45:00+03:00,19857.45,19882.65,19848.35,19877.75,3199,210,0
2025-03-10 16:00:00+03:00,19878.35,19902.85,19840.35,19872.85,3764,210,0
2025-03-10 16:15:00+03:00,19871.15,19879.85,19838.95,19848.15,3576,210,0
2025-03-10 16:30:00+03:00,19847.35,19865.15,19753.65,19847.65,5068,120,0
2025-03-10 16:45:00+03:00,19847.85,19863.85,19711.45,19755.15,5027,120,0
2025-03-10 17:00:00+03:00,19750.15,19750.15,19651.45,19686.05,4975,120,0
2025-03-10 17:15:00+03:00,19681.05,19713.55,19620.35,19633.35,4955,120,0
2025-03-10 17:30:00+03:00,19633.55,19661.55,19583.45,19586.65,4908,120,0
2025-03-10 17:45:00+03:00,19586.85,19611.85,19486.95,19519.95,4867,120,0
2025-03-10 18:00:00+03:00,19527.15,19583.65,19516.35,19573.65,4905,120,0
2025-03-10 18:15:00+03:00,19572.45,19599.85,19526.45,19598.85,4816,120,0
2025-03-10 18:30:00+03:00,19598.55,19667.65,19553.55,19569.55,4786,120,0
2025-03-10 18:45:00+03:00,19570.45,19626.35,19540.85,19553.65,4676,120,0
2025-03-10 19:00:00+03:00,19550.65,19584.95,19524.45,19572.55,4675,120,0
2025-03-10 19:15:00+03:00,19572.45,19577.05,19489.05,19546.35,4686,120,0
2025-03-10 19:30:00+03:00,19544.85,19603.55,19498.15,19501.35,4692,120,0
2025-03-10 19:45:00+03:00,19501.55,19548.85,19499.15,19508.65,4634,120,0
2025-03-10 20:00:00+03:00,19509.35,19515.65,19421.85,19465.95,4745,120,0
2025-03-10 20:15:00+03:00,19465.35,19517.55,19458.85,19472.85,4656,120,0
2025-03-10 20:30:00+03:00,19473.45,19478.65,19405.15,19419.15,4619,120,0
2025-03-10 20:45:00+03:00,19416.45,19448.35,19388.95,19407.45,4640,120,0
2025-03-10 21:00:00+03:00,19407.65,19462.95,19363.05,19419.55,4663,120,0
2025-03-10 21:15:00+03:00,19418.35,19448.55,19379.65,19396.85,4652,120,0
2025-03-10 21:30:00+03:00,19396.85,19433.45,19359.85,19382.65,4609,120,0
2025-03-10 21:45:00+03:00,19381.95,19392.65,19295.85,19303.15,4576,120,0
2025-03-10 22:00:00+03:00,19304.45,19331.05,19237.85,19310.85,4746,120,0
2025-03-10 22:15:00+03:00,19311.05,19465.05,19303.35,19399.85,4878,120,0
2025-03-10 22:30:00+03:00,19399.65,19515.95,19359.95,19360.65,5013,120,0
2025-03-10 22:45:00+03:00,19360.85,19454.65,19360.35,19428.45,4907,120,0
2025-03-10 23:00:00+03:00,19428.95,19443.09,19382.39,19430.59,4032,120,0
2025-03-10 23:15:00+03:00,19430.39,19453.39,19425.89,19444.89,2471,222,0
2025-03-10 23:30:00+03:00,19445.19,19448.79,19424.79,19438.89,1950,222,0
2025-03-10 23:45:00+03:00,19439.09,19447.09,19436.09,19442.39,762,222,0
2025-03-11 01:00:00+03:00,19426.15,19427.05,19338.55,19362.85,1585,210,0
2025-03-11 01:15:00+03:00,19362.85,19396.35,19356.75,19385.65,1748,210,0
2025-03-11 01:30:00+03:00,19385.85,19410.15,19374.65,19398.25,1634,210,0
2025-03-11 01:45:00+03:00,19398.85,19403.75,19344.25,19344.25,1380,210,0
2025-03-11 02:00:00+03:00,19345.15,19368.35,19309.15,19314.55,1821,210,0
2025-03-11 02:15:00+03:00,19314.75,19318.85,19254.15,19282.55,2449,210,0
2025-03-11 02:30:00+03:00,19288.15,19288.15,19200.25,19269.75,2985,210,0
2025-03-11 02:45:00+03:00,19269.85,19296.85,19260.65,19271.65,2119,210,0
2025-03-11 03:00:00+03:00,19272.55,19296.25,19247.05,19251.25,2731,210,0
2025-03-11 03:15:00+03:00,19252.55,19289.25,19244.65,19283.15,2226,210,0
2025-03-11 03:30:00+03:00,19283.05,19287.55,19224.15,19229.05,2154,210,0
2025-03-11 03:45:00+03:00,19229.25,19237.85,19111.35,19174.65,3480,210,0
2025-03-11 04:00:00+03:00,19176.05,19193.15,19113.85,19136.05,3510,210,0
2025-03-11 04:15:00+03:00,19135.75,19189.75,19129.35,19182.65,2865,210,0
2025-03-11 04:30:00+03:00,19182.15,19238.35,19181.15,19225.65,2742,210,0
2025-03-11 04:45:00+03:00,19225.55,19231.25,19180.15,19224.35,2651,210,0
2025-03-11 05:00:00+03:00,19224.25,19327.65,19214.55,19309.75,3244,210,0
2025-03-11 05:15:00+03:00,19310.35,19386.75,19307.25,19348.75,3550,210,0
2025-03-11 05:30:00+03:00,19349.05,19365.55,19319.25,19345.05,2801,210,0
2025-03-11 05:45:00+03:00,19345.15,19369.05,19311.65,19359.35,2509,210,0
2025-03-11 06:00:00+03:00,19358.85,19458.15,19358.85,19443.75,3009,210,0
2025-03-11 06:15:00+03:00,19443.75,19460.55,19410.25,19418.65,2228,210,0
2025-03-11 06:30:00+03:00,19418.65,19436.75,19399.65,19425.65,2137,210,0
2025-03-11 06:45:00+03:00,19425.55,19426.85,19401.75,19403.55,1287,200,0
2025-03-11 07:00:00+03:00,19403.15,19420.75,19380.25,19418.05,1560,200,0
2025-03-11 07:15:00+03:00,19419.25,19461.55,19417.15,19461.55,1519,210,0
2025-03-11 07:30:00+03:00,19461.55,19461.65,19431.05,19433.05,1343,200,0
2025-03-11 07:45:00+03:00,19433.25,19442.35,19428.25,19434.05,1306,200,0
2025-03-11 08:00:00+03:00,19433.65,19440.35,19414.55,19437.55,1964,210,0
2025-03-11 08:15:00+03:00,19437.35,19458.65,19436.05,19446.05,1673,200,0
2025-03-11 08:30:00+03:00,19447.25,19458.05,19419.35,19427.35,1690,210,0
2025-03-11 08:45:00+03:00,19428.35,19448.15,19413.25,19444.85,1544,210,0
2025-03-11 09:00:00+03:00,19443.25,19454.35,19424.65,19453.35,1630,210,0
2025-03-11 09:15:00+03:00,19452.65,19486.65,19443.75,19464.65,2171,210,0
2025-03-11 09:30:00+03:00,19464.85,19481.75,19440.25,19463.65,1682,200,0
2025-03-11 09:45:00+03:00,19463.55,19464.25,19436.85,19440.75,1442,210,0
2025-03-11 10:00:00+03:00,19442.85,19450.25,19420.15,19430.65,2070,210,0
2025-03-11 10:15:00+03:00,19430.35,19447.55,19418.65,19433.35,1996,210,0
2025-03-11 10:30:00+03:00,19431.85,19437.85,19371.85,19391.05,2567,210,0
2025-03-11 10:45:00+03:00,19390.65,19461.35,19381.55,19450.25,2571,210,0
2025-03-11 11:00:00+03:00,19448.65,19521.75,19436.25,19518.15,3447,210,0
2025-03-11 11:15:00+03:00,19517.55,19535.55,19493.65,19533.75,3166,210,0
2025-03-11 11:30:00+03:00,19533.05,19534.15,19497.55,19510.65,2569,210,0
2025-03-11 11:45:00+03:00,19510.85,19532.05,19494.35,19531.35,2154,210,0
2025-03-11 12:00:00+03:00,19530.55,19548.15,19509.05,19524.55,2581,210,0
2025-03-11 12:15:00+03:00,19524.65,19536.55,19499.15,19529.55,2297,210,0
2025-03-11 12:30:00+03:00,19529.65,19531.25,19503.75,19517.15,2109,210,0
2025-03-11 12:45:00+03:00,19517.75,19522.05,19503.25,19511.25,1779,210,0
2025-03-11 13:00:00+03:00,19510.65,19522.65,19475.65,19505.65,2439,210,0
2025-03-11 13:15:00+03:00,19505.35,19526.75,19503.25,19522.15,1762,210,0
2025-03-11 13:30:00+03:00,19522.15,19529.05,19499.15,19501.65,2303,210,0
2025-03-11 13:45:00+03:00,19501.75,19510.25,19480.05,19501.65,2383,210,0
2025-03-11 14:00:00+03:00,19500.75,19500.75,19439.85,19474.75,3221,210,0
2025-03-11 14:15:00+03:00,19474.65,19504.85,19474.55,19492.85,2001,210,0
2025-03-11 14:30:00+03:00,19492.85,19541.65,19490.25,19538.35,2377,210,0
2025-03-11 14:45:00+03:00,19538.35,19545.05,19517.35,19544.85,2752,210,0
2025-03-11 15:00:00+03:00,19542.85,19550.05,19440.65,19440.65,3683,210,0
2025-03-11 15:15:00+03:00,19440.55,19495.15,19433.75,19465.85,3546,210,0
2025-03-11 15:30:00+03:00,19466.15,19467.65,19430.85,19448.85,3481,210,0
2025-03-11 15:45:00+03:00,19448.85,19449.15,19407.85,19420.25,3868,210,0
2025-03-11 16:00:00+03:00,19420.65,19451.65,19406.35,19421.35,3796,210,0
2025-03-11 16:15:00+03:00,19421.55,19434.85,19381.55,19386.65,2434,210,0
2025-03-11 16:30:00+03:00,19388.15,19519.05,19355.25,19502.95,5108,120,0
2025-03-11 16:45:00+03:00,19505.35,19566.45,19458.95,19489.05,4981,120,0
2025-03-11 17:00:00+03:00,19475.25,19580.25,19322.05,19409.75,5101,120,0
2025-03-11 17:15:00+03:00,19408.25,19452.05,19282.35,19290.75,5038,120,0
2025-03-11 17:30:00+03:00,19290.35,19351.05,19233.35,19293.95,5018,120,0
2025-03-11 17:45:00+03:00,19294.25,19385.95,19250.25,19280.85,5012,120,0
2025-03-11 18:00:00+03:00,19280.85,19475.75,19253.95,19430.25,4998,120,0
2025-03-11 18:15:00+03:00,19429.55,19466.75,19391.35,19397.85,3173,120,0
2025-03-11 18:30:00+03:00,19398.25,19512.05,19385.25,19482.85,4933,120,0
2025-03-11 18:45:00+03:00,19481.45,19492.75,19381.75,19391.85,4845,120,0
2025-03-11 19:00:00+03:00,19391.05,19413.55,19302.35,19310.45,4872,120,0
2025-03-11 19:15:00+03:00,19310.85,19385.75,19305.05,19352.95,4748,120,0
2025-03-11 19:30:00+03:00,19353.95,19399.85,19306.05,19329.05,4761,120,0
2025-03-11 19:45:00+03:00,19329.85,19358.75,19264.35,19290.05,4577,120,0
2025-03-11 20:00:00+03:00,19291.85,19296.95,19243.95,19252.45,4592,120,0
2025-03-11 20:15:00+03:00,19252.35,19287.95,19175.25,19177.45,4656,120,0
2025-03-11 20:30:00+03:00,19176.95,19265.25,19170.45,19265.25,4732,120,0
2025-03-11 20:45:00+03:00,19261.95,19336.05,19246.05,19293.95,4724,120,0
2025-03-11 21:00:00+03:00,19293.25,19455.55,19288.45,19452.95,4955,120,0
2025-03-11 21:15:00+03:00,19451.75,19514.35,19418.25,19476.85,4886,120,0
2025-03-11 21:30:00+03:00,19479.75,19575.45,19430.35,19565.05,4845,120,0
2025-03-11 21:45:00+03:00,19569.05,19653.85,19550.85,19607.85,4881,120,0
2025-03-11 22:00:00+03:00,19607.35,19644.45,19525.85,19546.05,4968,120,0
2025-03-11 22:15:00+03:00,19545.55,19572.85,19471.25,19519.35,4901,120,0
2025-03-11 22:30:00+03:00,19520.25,19535.05,19453.35,19504.05,4916,120,0
2025-03-11 22:45:00+03:00,19503.35,19530.05,19360.55,19362.05,4835,120,0
2025-03-11 23:00:00+03:00,19360.75,19412.69,19349.69,19405.69,4296,120,0
2025-03-11 23:15:00+03:00,19406.79,19408.19,19366.79,19374.19,2707,222,0
2025-03-11 23:30:00+03:00,19375.99,19379.99,19339.49,19370.09,2263,222,0
2025-03-11 23:45:00+03:00,19371.19,19383.09,19371.19,19372.79,712,222,0
2025-03-12 01:00:00+03:00,19373.55,19419.25,19373.55,19417.55,929,210,0
2025-03-12 01:15:00+03:00,19417.05,19421.05,19387.15,19404.25,1454,210,0
2025-03-12 01:30:00+03:00,19405.05,19435.15,19394.65,19427.85,1365,210,0
2025-03-12 01:45:00+03:00,19427.75,19448.05,19427.75,19437.65,1404,210,0
2025-03-12 02:00:00+03:00,19437.65,19445.25,19422.55,19433.25,1478,210,0
2025-03-12 02:15:00+03:00,19433.25,19434.05,19402.65,19416.25,1519,210,0
2025-03-12 02:30:00+03:00,19416.15,19420.25,19393.25,19417.55,1584,210,0
2025-03-12 02:45:00+03:00,19416.65,19447.15,19414.75,19447.15,1704,200,0
2025-03-12 03:00:00+03:00,19448.75,19458.05,19426.35,19449.15,2278,210,0
2025-03-12 03:15:00+03:00,19448.15,19468.85,19435.65,19457.85,1906,210,0
2025-03-12 03:30:00+03:00,19458.05,19463.65,19411.55,19420.15,2147,210,0
2025-03-12 03:45:00+03:00,19420.55,19436.55,19412.85,19435.75,1782,200,0
2025-03-12 04:00:00+03:00,19436.25,19448.05,19423.55,19427.05,1970,200,0
2025-03-12 04:15:00+03:00,19427.65,19438.85,19416.75,19418.65,1861,210,0
2025-03-12 04:30:00+03:00,19418.85,19446.65,19412.65,19440.15,2216,210,0
2025-03-12 04:45:00+03:00,19440.65,19452.65,19438.95,19441.65,1642,190,0
2025-03-12 05:00:00+03:00,19441.45,19459.35,19435.95,19458.45,1489,190,0
2025-03-12 05:15:00+03:00,19458.25,19461.65,19447.95,19451.85,1325,170,0
2025-03-12 05:30:00+03:00,19453.25,19453.85,19426.45,19435.15,1326,180,0
2025-03-12 05:45:00+03:00,19435.05,19438.55,19419.05,19423.95,1104,180,0
2025-03-12 06:00:00+03:00,19424.15,19438.35,19424.15,19431.65,1033,180,0
2025-03-12 06:15:00+03:00,19432.45,19432.85,19405.15,19422.65,1528,190,0
2025-03-12 06:30:00+03:00,19423.45,19429.65,19406.55,19426.95,1153,180,0
2025-03-12 06:45:00+03:00,19426.85,19430.75,19417.05,19420.15,822,160,0
2025-03-12 07:00:00+03:00,19419.65,19425.25,19407.15,19422.85,1124,180,0
2025-03-12 07:15:00+03:00,19422.85,19442.65,19419.95,19437.95,977,170,0
2025-03-12 07:30:00+03:00,19437.95,19441.25,19426.85,19429.65,883,170,0
2025-03-12 07:45:00+03:00,19429.75,19431.45,19420.55,19423.65,852,170,0
2025-03-12 08:00:00+03:00,19424.65,19430.15,19417.45,19427.45,1172,180,0
2025-03-12 08:15:00+03:00,19427.35,19429.25,19416.95,19423.85,1040,180,0
2025-03-12 08:30:00+03:00,19425.05,19444.95,19425.05,19443.45,1021,170,0
2025-03-12 08:45:00+03:00,19442.95,19453.05,19438.75,19449.95,682,160,0
2025-03-12 09:00:00+03:00,19449.95,19450.15,19426.85,19428.45,1060,170,0
2025-03-12 09:15:00+03:00,19427.95,19433.15,19419.45,19423.55,1142,170,0
2025-03-12 09:30:00+03:00,19423.85,19435.15,19418.15,19426.15,1107,190,0
2025-03-12 09:45:00+03:00,19426.15,19428.75,19366.65,19382.35,1883,180,0
2025-03-12 10:00:00+03:00,19382.25,19400.85,19357.85,19363.05,2650,210,0
2025-03-12 10:15:00+03:00,19363.05,19395.25,19356.55,19385.25,2114,210,0
2025-03-12 10:30:00+03:00,19384.85,19420.15,19369.15,19415.85,2134,210,0
2025-03-12 10:45:00+03:00,19416.25,19451.15,19414.85,19443.85,2157,210,0
2025-03-12 11:00:00+03:00,19443.55,19473.25,19421.35,19433.75,3553,210,0
2025-03-12 11:15:00+03:00,19433.85,19444.05,19411.25,19423.25,3036,210,0
2025-03-12 11:30:00+03:00,19424.25,19489.25,19422.15,19485.05,2935,210,0
2025-03-12 11:45:00+03:00,19484.85,19524.85,19478.25,19516.05,3034,210,0
2025-03-12 12:00:00+03:00,19517.35,19528.25,19499.35,19504.15,2824,210,0
2025-03-12 12:15:00+03:00,19502.05,19514.55,19497.05,19510.75,2353,210,0
2025-03-12 12:30:00+03:00,19511.65,19532.15,19497.25,19497.55,2556,210,0
2025-03-12 12:45:00+03:00,19497.35,19532.05,19493.25,19529.15,2253,210,0
2025-03-12 13:00:00+03:00,19529.25,19536.15,19498.55,19504.75,2119,210,0
2025-03-12 13:15:00+03:00,19504.35,19507.85,19493.85,19498.85,1869,200,0
2025-03-12 13:30:00+03:00,19499.85,19522.75,19494.05,19513.85,2061,200,0
2025-03-12 13:45:00+03:00,19514.05,19530.25,19512.65,19520.15,1918,200,0
2025-03-12 14:00:00+03:00,19519.35,19552.05,19516.55,19544.55,2496,210,0
2025-03-12 14:15:00+03:00,19543.75,19569.15,19542.25,19556.15,2397,210,0
2025-03-12 14:30:00+03:00,19556.35,19577.25,19548.15,19555.35,2527,210,0
2025-03-12 14:45:00+03:00,19555.25,19562.25,19542.15,19551.75,2648,210,0
2025-03-12 15:00:00+03:00,19550.65,19552.15,19534.65,19546.55,2702,210,0
2025-03-12 15:15:00+03:00,19544.65,19575.15,19543.75,19565.06,2954,210,0
2025-03-12 15:30:00+03:00,19565.86,19754.96,19565.67,19625.25,4694,210,0
2025-03-12 15:45:00+03:00,19625.05,19704.65,19613.15,19691.65,4509,210,0
2025-03-12 16:00:00+03:00,19692.15,19703.25,19641.05,19648.75,4309,210,0
2025-03-12 16:15:00+03:00,19647.75,19677.85,19635.55,19664.35,4244,210,0
2025-03-12 16:30:00+03:00,19664.35,19744.75,19638.25,19656.05,5037,120,0
2025-03-12 16:45:00+03:00,19659.25,19703.25,19559.95,19614.45,5031,120,0
2025-03-12 17:00:00+03:00,19610.35,19694.55,19556.45,19612.45,5010,120,0
2025-03-12 17:15:00+03:00,19612.25,19630.95,19557.75,19600.25,4930,120,0
2025-03-12 17:30:00+03:00,19600.25,19613.85,19471.45,19491.95,4896,120,0
2025-03-12 17:45:00+03:00,19490.05,19538.95,19441.55,19445.85,4823,120,0
2025-03-12 18:00:00+03:00,19444.95,19458.35,19365.55,19405.55,4842,120,0
2025-03-12 18:15:00+03:00,19405.75,19512.55,19383.85,19493.95,4788,120,0
2025-03-12 18:30:00+03:00,19493.75,19560.75,19479.95,19547.75,4699,120,0
2025-03-12 18:45:00+03:00,19549.25,19607.35,19532.75,19602.75,4681,120,0
2025-03-12 19:00:00+03:00,19603.35,19659.05,19557.35,19653.55,4668,120,0
2025-03-12 19:15:00+03:00,19653.75,19671.55,19623.75,19649.55,4598,120,0
2025-03-12 19:30:00+03:00,19654.25,19697.75,19579.25,19589.85,4653,120,0
2025-03-12 19:45:00+03:00,19594.85,19684.75,19582.45,19595.95,4702,120,0
2025-03-12 20:00:00+03:00,19596.55,19643.95,19572.45,19643.75,4640,120,0
2025-03-12 20:15:00+03:00,19643.05,19674.25,19615.35,19671.05,4496,120,0
2025-03-12 20:30:00+03:00,19668.95,19689.35,19626.55,19628.35,4411,120,0
2025-03-12 20:45:00+03:00,19628.35,19653.45,19505.95,19508.75,4627,120,0
2025-03-12 21:00:00+03:00,19509.05,19578.55,19502.05,19572.75,4648,120,0
2025-03-12 21:15:00+03:00,19573.25,19610.55,19561.45,19610.25,4521,120,0
2025-03-12 21:30:00+03:00,19612.45,19648.45,19591.45,19645.85,4344,120,0
2025-03-12 21:45:00+03:00,19646.05,19675.35,19608.25,19648.85,4311,120,0
2025-03-12 22:00:00+03:00,19648.35,19648.35,19598.35,19615.75,4543,120,0
2025-03-12 22:15:00+03:00,19613.95,19627.25,19562.35,19589.25,4563,120,0
2025-03-12 22:30:00+03:00,19588.75,19616.25,19533.25,19562.85,4585,120,0
2025-03-12 22:45:00+03:00,19563.25,19617.45,19524.55,19578.85,4628,120,0
2025-03-12 23:00:00+03:00,19579.75,19579.75,19533.19,19540.69,3624,120,0
2025-03-12 23:15:00+03:00,19540.19,19556.09,19538.79,19555.99,2028,222,0
2025-03-12 23:30:00+03:00,19555.99,19564.09,19536.69,19544.19,1319,192,0
2025-03-12 23:45:00+03:00,19544.69,19547.09,19538.79,19546.29,528,212,0
2025-03-13 01:00:00+03:00,19559.95,19577.45,19550.85,19576.25,980,210,0
2025-03-13 01:15:00+03:00,19576.55,19607.95,19576.25,19590.85,1584,200,0
2025-03-13 01:30:00+03:00,19591.35,19598.85,19577.95,19594.35,1224,190,0
2025-03-13 01:45:00+03:00,19594.65,19604.85,19575.55,19597.95,1228,190,0
2025-03-13 02:00:00+03:00,19598.05,19630.05,19596.85,19621.25,1558,190,0
2025-03-13 02:15:00+03:00,19621.35,19625.65,19609.75,19621.05,1174,190,0
2025-03-13 02:30:00+03:00,19621.85,19646.25,19617.85,19632.95,1410,190,0
2025-03-13 02:45:00+03:00,19631.95,19657.95,19629.45,19655.05,1406,190,0
2025-03-13 03:00:00+03:00,19656.55,19664.55,19649.85,19658.55,1773,190,0
2025-03-13 03:15:00+03:00,19657.35,19657.35,19635.75,19636.75,1668,200,0
2025-03-13 03:30:00+03:00,19636.95,19643.45,19624.05,19628.65,1448,190,0
2025-03-13 03:45:00+03:00,19628.85,19636.65,19611.25,19614.55,1753,190,0
2025-03-13 04:00:00+03:00,19614.45,19625.75,19597.75,19608.65,2010,200,0
2025-03-13 04:15:00+03:00,19608.65,19626.95,19605.55,19613.35,1621,200,0
2025-03-13 04:30:00+03:00,19612.65,19615.95,19578.55,19589.75,2046,200,0
2025-03-13 04:45:00+03:00,19589.55,19612.05,19583.25,19609.35,1654,190,0
2025-03-13 05:00:00+03:00,19608.85,19613.55,19602.15,19609.55,1372,190,0
2025-03-13 05:15:00+03:00,19609.45,19614.65,19578.25,19582.55,1627,180,0
2025-03-13 05:30:00+03:00,19582.15,19585.65,19573.55,19578.35,1555,190,0
2025-03-13 05:45:00+03:00,19578.25,19583.25,19558.45,19562.55,1328,190,0
2025-03-13 06:00:00+03:00,19562.55,19563.05,19533.95,19547.15,1579,190,0
2025-03-13 06:15:00+03:00,19546.65,19552.95,19526.35,19527.55,1482,190,0
2025-03-13 06:30:00+03:00,19527.95,19530.95,19483.05,19505.05,2341,210,0
2025-03-13 06:45:00+03:00,19505.25,19505.75,19483.35,19489.85,1438,200,0
2025-03-13 07:00:00+03:00,19489.75,19514.95,19486.35,19506.85,1393,190,0
2025-03-13 07:15:00+03:00,19507.25,19511.35,19484.05,19488.05,1300,190,0
2025-03-13 07:30:00+03:00,19487.35,19488.25,19440.75,19461.55,2077,210,0
2025-03-13 07:45:00+03:00,19461.75,19469.75,19435.85,19452.25,1639,210,0
2025-03-13 08:00:00+03:00,19452.45,19457.55,19437.55,19445.85,1712,210,0
2025-03-13 08:15:00+03:00,19446.35,19475.05,19427.55,19465.95,2103,210,0
2025-03-13 08:30:00+03:00,19466.45,19468.35,19409.35,19424.55,2326,210,0
2025-03-13 08:45:00+03:00,19423.85,19437.35,19411.05,19435.45,1860,210,0
2025-03-13 09:00:00+03:00,19435.75,19444.95,19385.95,19409.25,2288,210,0
2025-03-13 09:15:00+03:00,19409.45,19416.75,19371.85,19414.05,2512,210,0
2025-03-13 09:30:00+03:00,19412.45,19425.05,19396.25,19414.85,1989,210,0
2025-03-13 09:45:00+03:00,19414.35,19469.35,19408.25,19454.05,2450,210,0
2025-03-13 10:00:00+03:00,19454.45,19460.35,19414.25,19430.45,2382,210,0
2025-03-13 10:15:00+03:00,19430.45,19482.35,19421.85,19470.05,2402,210,0
2025-03-13 10:30:00+03:00,19470.25,19479.55,19410.85,19411.35,2452,210,0
2025-03-13 10:45:00+03:00,19411.55,19451.95,19388.55,19402.25,2871,210,0
2025-03-13 11:00:00+03:00,19401.85,19437.85,19394.35,19416.05,4085,210,0
2025-03-13 11:15:00+03:00,19415.85,19436.25,19381.05,19434.85,3776,210,0
2025-03-13 11:30:00+03:00,19434.35,19442.95,19412.45,19435.05,3201,210,0
2025-03-13 11:45:00+03:00,19434.85,19465.25,19431.55,19463.35,2799,210,0
2025-03-13 12:00:00+03:00,19463.45,19485.05,19431.55,19484.35,2684,210,0
2025-03-13 12:15:00+03:00,19484.35,19529.05,19480.45,19513.55,3125,210,0
2025-03-13 12:30:00+03:00,19514.55,19552.95,19512.35,19551.55,2585,210,0
2025-03-13 12:45:00+03:00,19552.05,19579.75,19548.95,19576.75,2661,210,0
2025-03-13 13:00:00+03:00,19576.95,19594.45,19563.75,19583.85,2585,210,0
2025-03-13 13:15:00+03:00,19583.95,19601.75,19570.75,19587.05,2254,210,0
2025-03-13 13:30:00+03:00,19588.05,19590.75,19570.55,19584.35,2152,210,0
2025-03-13 13:45:00+03:00,19583.95,19591.05,19531.95,19545.85,2456,180,0
2025-03-13 14:00:00+03:00,19547.55,19561.05,19520.85,19535.75,2799,210,0
2025-03-13 14:15:00+03:00,19536.35,19563.55,19492.35,19511.45,2757,210,0
2025-03-13 14:30:00+03:00,19511.55,19529.45,19478.85,19484.05,2861,210,0
2025-03-13 14:45:00+03:00,19483.85,19522.25,19465.95,19502.75,2998,210,0
2025-03-13 15:00:00+03:00,19499.35,19510.35,19448.05,19450.35,3751,210,0
2025-03-13 15:15:00+03:00,19450.35,19489.25,19448.75,19480.22,3047,210,0
2025-03-13 15:30:00+03:00,19481.52,19561.67,19481.37,19517.05,4232,210,0
2025-03-13 15:45:00+03:00,19517.25,19526.45,19481.45,19526.35,3572,210,0
2025-03-13 16:00:00+03:00,19526.35,19558.45,19518.45,19519.25,3662,210,0
2025-03-13 16:15:00+03:00,19518.95,19561.35,19513.05,19541.25,3430,210,0
2025-03-13 16:30:00+03:00,19543.05,19547.45,19443.25,19443.25,5061,120,0
2025-03-13 16:45:00+03:00,19446.05,19479.25,19311.25,19339.75,4971,120,0
2025-03-13 17:00:00+03:00,19338.45,19450.45,19296.55,19449.65,5013,120,0
2025-03-13 17:15:00+03:00,19448.65,19540.95,19440.05,19446.55,4870,120,0
2025-03-13 17:30:00+03:00,19449.65,19501.95,19382.05,19402.15,4843,120,0
2025-03-13 17:45:00+03:00,19400.95,19462.15,19373.25,19394.05,4741,120,0
2025-03-13 18:00:00+03:00,19395.05,19446.45,19337.15,19348.95,4762,120,0
2025-03-13 18:15:00+03:00,19352.15,19372.65,19314.05,19326.25,4620,120,0
2025-03-13 18:30:00+03:00,19323.75,19362.25,19248.05,19326.95,4694,120,0
2025-03-13 18:45:00+03:00,19326.75,19344.65,19259.45,19267.65,4764,120,0
2025-03-13 19:00:00+03:00,19267.95,19324.65,19257.65,19278.45,4657,120,0
2025-03-13 19:15:00+03:00,19278.45,19296.95,19258.25,19274.55,4535,120,0
2025-03-13 19:30:00+03:00,19273.95,19361.55,19255.55,19295.25,4599,120,0
2025-03-13 19:45:00+03:00,19294.65,19306.05,19212.25,19259.25,4664,120,0
2025-03-13 20:00:00+03:00,19259.55,19283.75,19194.65,19204.95,4487,120,0
2025-03-13 20:15:00+03:00,19205.15,19206.95,19150.45,19188.45,4491,120,0
2025-03-13 20:30:00+03:00,19184.95,19194.65,19149.45,19153.25,4381,120,0
2025-03-13 20:45:00+03:00,19152.75,19197.45,19141.65,19162.75,4320,120,0
2025-03-13 21:00:00+03:00,19159.05,19295.45,19158.45,19284.15,4640,120,0
2025-03-13 21:15:00+03:00,19285.75,19298.95,19241.75,19298.65,4471,120,0
2025-03-13 21:30:00+03:00,19299.15,19345.95,19274.75,19341.15,4408,120,0
2025-03-13 21:45:00+03:00,19341.15,19347.95,19285.55,19334.25,4547,120,0
2025-03-13 22:00:00+03:00,19333.95,19366.55,19264.15,19287.25,4590,120,0
2025-03-13 22:15:00+03:00,19290.95,19304.95,19210.45,19231.25,4563,120,0
2025-03-13 22:30:00+03:00,19232.55,19253.55,19173.65,19197.95,4616,120,0
2025-03-13 22:45:00+03:00,19197.75,19225.45,19156.05,19222.95,4639,120,0
2025-03-13 23:00:00+03:00,19223.59,19291.99,19216.39,19287.89,3412,132,0
2025-03-13 23:15:00+03:00,19287.79,19298.99,19274.39,19281.99,1961,212,0
2025-03-13 23:30:00+03:00,19281.59,19289.79,19260.79,19262.09,1314,202,0
2025-03-13 23:45:00+03:00,19262.49,19274.69,19261.09,19266.29,436,202,0
2025-03-14 01:00:00+03:00,19284.05,19318.85,19280.75,19316.25,1144,210,0
2025-03-14 01:15:00+03:00,19316.05,19318.75,19290.35,19307.85,1737,210,0
2025-03-14 01:30:00+03:00,19308.15,19343.65,19301.85,19333.75,1733,200,0
2025-03-14 01:45:00+03:00,19333.15,19351.55,19326.25,19332.35,1507,200,0
2025-03-14 02:00:00+03:00,19332.05,19354.75,19321.75,19346.25,1597,210,0
2025-03-14 02:15:00+03:00,19345.35,19345.55,19322.85,19335.85,1615,200,0
2025-03-14 02:30:00+03:00,19335.05,19344.75,19318.85,19328.25,1429,200,0
2025-03-14 02:45:00+03:00,19328.55,19343.05,19324.85,19328.15,1519,200,0
2025-03-14 03:00:00+03:00,19328.65,19347.15,19305.05,19343.55,2593,210,0
2025-03-14 03:15:00+03:00,19343.35,19362.35,19333.85,19348.75,2555,210,0
2025-03-14 03:30:00+03:00,19349.05,19395.25,19348.35,19387.65,2554,210,0
2025-03-14 03:45:00+03:00,19387.85,19391.15,19368.65,19370.65,1941,210,0
2025-03-14 04:00:00+03:00,19371.25,19384.55,19362.55,19381.75,2288,210,0
2025-03-14 04:15:00+03:00,19381.85,19384.15,19366.15,19373.85,1933,200,0
2025-03-14 04:30:00+03:00,19373.65,19402.35,19357.65,19390.75,2505,200,0
2025-03-14 04:45:00+03:00,19390.55,19395.95,19372.05,19372.65,2069,190,0
2025-03-14 05:00:00+03:00,19372.95,19389.75,19370.85,19389.55,1990,200,0
2025-03-14 05:15:00+03:00,19389.35,19398.25,19382.95,19392.35,1649,200,0
2025-03-14 05:30:00+03:00,19392.55,19399.15,19381.05,19386.55,1593,190,0
2025-03-14 05:45:00+03:00,19386.65,19409.35,19381.35,19405.65,1561,200,0
2025-03-14 06:00:00+03:00,19405.65,19419.25,19403.15,19414.85,1649,190,0
2025-03-14 06:15:00+03:00,19415.75,19428.55,19414.25,19421.25,1409,180,0
2025-03-14 06:30:00+03:00,19421.45,19427.65,19415.15,19421.85,1340,190,0
2025-03-14 06:45:00+03:00,19421.85,19425.75,19414.45,19420.45,1182,180,0
2025-03-14 07:00:00+03:00,19419.35,19426.45,19414.75,19424.35,1011,180,0
2025-03-14 07:15:00+03:00,19424.65,19428.85,19409.25,19410.25,1019,180,0
2025-03-14 07:30:00+03:00,19410.15,19414.95,19401.65,19410.25,1150,180,0
2025-03-14 07:45:00+03:00,19410.35,19412.45,19401.75,19411.95,841,170,0
2025-03-14 08:00:00+03:00,19411.55,19419.05,19407.15,19417.05,1458,170,0
2025-03-14 08:15:00+03:00,19420.45,19424.55,19392.85,19396.05,1651,200,0
2025-03-14 08:30:00+03:00,19396.45,19399.15,19384.25,19386.75,1313,190,0
2025-03-14 08:45:00+03:00,19387.15,19391.45,19374.65,19380.55,1211,180,0
2025-03-14 09:00:00+03:00,19380.85,19385.85,19361.25,19373.65,1777,200,0
2025-03-14 09:15:00+03:00,19374.25,19380.85,19368.55,19369.15,1285,190,0
2025-03-14 09:30:00+03:00,19369.25,19385.85,19353.65,19383.05,1823,190,0
2025-03-14 09:45:00+03:00,19382.35,19390.15,19373.65,19382.75,1341,200,0
2025-03-14 10:00:00+03:00,19381.85,19381.85,19343.55,19354.65,2506,210,0
2025-03-14 10:15:00+03:00,19354.55,19368.85,19349.05,19361.85,1699,210,0
2025-03-14 10:30:00+03:00,19360.65,19379.15,19340.25,19378.55,1993,210,0
2025-03-14 10:45:00+03:00,19375.55,19391.55,19358.35,19361.65,2042,210,0
2025-03-14 11:00:00+03:00,19358.05,19385.85,19345.35,19384.35,3707,210,0
2025-03-14 11:15:00+03:00,19382.75,19423.05,19379.35,19413.65,3244,210,0
2025-03-14 11:30:00+03:00,19413.65,19420.65,19385.75,19401.05,2972,210,0
2025-03-14 11:45:00+03:00,19401.25,19411.65,19392.55,19397.75,2318,210,0
2025-03-14 12:00:00+03:00,19397.85,19421.65,19397.85,19411.25,2348,210,0
2025-03-14 12:15:00+03:00,19411.65,19429.65,19405.65,19410.75,2291,210,0
2025-03-14 12:30:00+03:00,19410.75,19424.65,19396.85,19406.65,2594,210,0
2025-03-14 12:45:00+03:00,19406.35,19421.85,19397.15,19411.65,2105,210,0
2025-03-14 13:00:00+03:00,19411.85,19417.75,19393.55,19395.85,2325,200,0
2025-03-14 13:15:00+03:00,19396.35,19403.55,19385.65,19396.15,2375,210,0
2025-03-14 13:30:00+03:00,19395.35,19396.05,19369.05,19391.15,2880,210,0
2025-03-14 13:45:00+03:00,19391.35,19455.15,19388.85,19426.85,3678,210,0
2025-03-14 14:00:00+03:00,19427.15,19438.35,19411.55,19412.55,3281,210,0
2025-03-14 14:15:00+03:00,19412.85,19418.35,19394.15,19417.35,2687,210,0
2025-03-14 14:30:00+03:00,19417.35,19446.25,19412.35,19441.35,2490,210,0
2025-03-14 14:45:00+03:00,19441.15,19456.85,19437.15,19441.85,2497,210,0
2025-03-14 15:00:00+03:00,19442.25,19460.65,19437.15,19449.85,2742,210,0
2025-03-14 15:15:00+03:00,19449.65,19492.25,19446.25,19492.15,2806,210,0
2025-03-14 15:30:00+03:00,19492.35,19503.05,19462.55,19466.25,3086,210,0
2025-03-14 15:45:00+03:00,19466.75,19486.15,19457.85,19465.55,2673,200,0
2025-03-14 16:00:00+03:00,19466.15,19478.35,19448.85,19449.15,3074,210,0
2025-03-14 16:15:00+03:00,19449.35,19452.05,19428.25,19435.55,3183,210,0
2025-03-14 16:30:00+03:00,19432.45,19570.05,19422.35,19546.75,4909,120,0
2025-03-14 16:45:00+03:00,19546.85,19590.75,19507.33,19515.32,4704,120,0
2025-03-14 17:00:00+03:00,19515.12,19552.55,19411.07,19451.15,4874,120,0
2025-03-14 17:15:00+03:00,19451.15,19494.65,19418.15,19447.55,4707,120,0
2025-03-14 17:30:00+03:00,19447.95,19533.65,19440.55,19521.35,4625,120,0
2025-03-14 17:45:00+03:00,19522.35,19582.95,19514.65,19581.95,4542,120,0
2025-03-14 18:00:00+03:00,19582.85,19613.45,19565.45,19587.65,4447,120,0
2025-03-14 18:15:00+03:00,19588.05,19635.95,19587.45,19616.95,4421,120,0
2025-03-14 18:30:00+03:00,19617.65,19671.75,19612.95,19670.15,4321,110,0
2025-03-14 18:45:00+03:00,19669.25,19674.85,19621.15,19652.15,4425,110,0
2025-03-14 19:00:00+03:00,19652.55,19662.35,19599.45,19610.45,4330,120,0
2025-03-14 19:15:00+03:00,19608.15,19632.35,19580.65,19587.45,4369,120,0
2025-03-14 19:30:00+03:00,19587.45,19654.95,19576.85,19649.95,4279,120,0
2025-03-14 19:45:00+03:00,19650.45,19679.85,19637.85,19659.05,4221,110,0
2025-03-14 20:00:00+03:00,19659.15,19678.85,19634.35,19645.55,4259,120,0
2025-03-14 20:15:00+03:00,19644.95,19666.55,19614.65,19625.35,4235,120,0
2025-03-14 20:30:00+03:00,19624.65,19644.15,19593.05,19603.15,4253,120,0
2025-03-14 20:45:00+03:00,19602.85,19634.95,19592.15,19602.15,4270,120,0
2025-03-14 21:00:00+03:00,19602.65,19645.45,19602.15,19606.05,4242,120,0
2025-03-14 21:15:00+03:00,19607.05,19616.35,19584.95,19603.85,4209,120,0
2025-03-14 21:30:00+03:00,19604.15,19666.65,19603.95,19659.85,4165,90,0
2025-03-14 21:45:00+03:00,19659.55,19675.75,19624.45,19647.05,4137,90,0
2025-03-14 22:00:00+03:00,19644.85,19684.45,19634.65,19683.15,4079,110,0
2025-03-14 22:15:00+03:00,19682.95,19684.45,19636.85,19640.85,4260,110,0
2025-03-14 22:30:00+03:00,19640.85,19661.65,19622.95,19641.35,4220,110,0
2025-03-14 22:45:00+03:00,19640.95,19715.05,19632.45,19677.95,4403,110,0
2025-03-14 23:00:00+03:00,19675.79,19675.79,19626.19,19633.59,3699,132,0
2025-03-14 23:15:00+03:00,19633.39,19640.59,19613.59,19628.79,2207,222,0
2025-03-14 23:30:00+03:00,19629.09,19641.59,19624.29,19640.19,1756,202,0
2025-03-14 23:45:00+03:00,19640.59,19640.79,19631.09,19638.69,659,212,0
2025-03-17 01:00:00+03:00,19636.25,19639.15,19572.15,19592.65,1858,210,0
2025-03-17 01:15:00+03:00,19592.25,19603.05,19575.95,19593.55,1999,210,0
2025-03-17 01:30:00+03:00,19593.95,19600.25,19574.15,19592.75,1936,210,0
2025-03-17 01:45:00+03:00,19592.95,19593.25,19538.95,19548.95,2489,210,0
2025-03-17 02:00:00+03:00,19549.55,19558.25,19530.15,19547.45,1238,210,0
2025-03-17 02:15:00+03:00,19547.15,19570.15,19545.75,19568.25,781,160,0
2025-03-17 02:30:00+03:00,19568.25,19589.95,19565.25,19582.55,1083,160,0
2025-03-17 02:45:00+03:00,19582.65,19587.55,19561.05,19564.05,1707,200,0
2025-03-17 03:00:00+03:00,19563.05,19578.25,19547.45,19555.95,2353,210,0
2025-03-17 03:15:00+03:00,19555.75,19566.85,19543.65,19563.55,1821,200,0
2025-03-17 03:30:00+03:00,19563.75,19592.95,19562.75,19585.65,2069,200,0
2025-03-17 03:45:00+03:00,19584.95,19601.45,19579.25,19580.65,1819,200,0
2025-03-17 04:00:00+03:00,19580.65,19597.75,19577.55,19581.85,1778,200,0
2025-03-17 04:15:00+03:00,19581.75,19607.05,19578.85,19595.15,1728,190,0
2025-03-17 04:30:00+03:00,19594.85,19601.75,19587.35,19597.95,1780,190,0
2025-03-17 04:45:00+03:00,19598.05,19604.35,19582.45,19587.95,1823,190,0
2025-03-17 05:00:00+03:00,19587.75,19589.95,19570.65,19575.15,1986,200,0
2025-03-17 05:15:00+03:00,19574.65,19588.95,19574.25,19588.05,1474,180,0
2025-03-17 05:30:00+03:00,19588.25,19588.55,19580.55,19583.65,1237,180,0
2025-03-17 05:45:00+03:00,19584.35,19589.55,19577.75,19581.05,1280,180,0
2025-03-17 06:00:00+03:00,19580.25,19584.15,19565.25,19582.35,1624,190,0
2025-03-17 06:15:00+03:00,19582.35,19588.65,19570.75,19572.65,1312,180,0
2025-03-17 06:30:00+03:00,19573.05,19578.85,19567.45,19572.65,1147,180,0
2025-03-17 06:45:00+03:00,19572.85,19581.95,19563.45,19564.45,1096,170,0
2025-03-17 07:00:00+03:00,19563.35,19584.45,19563.25,19582.45,1521,170,0
2025-03-17 07:15:00+03:00,19582.65,19585.05,19569.65,19570.65,1073,180,0
2025-03-17 07:30:00+03:00,19570.65,19583.35,19568.55,19577.95,843,170,0
2025-03-17 07:45:00+03:00,19578.45,19581.25,19570.35,19574.65,729,170,0
2025-03-17 08:00:00+03:00,19574.45,19575.15,19564.15,19568.55,1130,180,0
2025-03-17 08:15:00+03:00,19569.05,19577.35,19568.65,19574.95,1080,170,0
2025-03-17 08:30:00+03:00,19574.85,19578.95,19567.35,19571.05,912,170,0
2025-03-17 08:45:00+03:00,19572.45,19575.45,19567.15,19572.65,830,160,0
2025-03-17 09:00:00+03:00,19572.45,19580.65,19565.45,19570.15,1147,170,0
2025-03-17 09:15:00+03:00,19569.95,19569.95,19541.25,19547.45,1553,180,0
2025-03-17 09:30:00+03:00,19547.95,19556.35,19545.55,19552.55,1239,180,0
2025-03-17 09:45:00+03:00,19552.35,19560.65,19550.85,19555.95,960,160,0
2025-03-17 10:00:00+03:00,19556.15,19556.25,19540.45,19550.25,1648,180,0
2025-03-17 10:15:00+03:00,19549.95,19559.65,19533.25,19554.75,1862,200,0
2025-03-17 10:30:00+03:00,19553.95,19559.25,19534.05,19544.25,1723,200,0
2025-03-17 10:45:00+03:00,19544.25,19572.05,19544.15,19569.95,1885,200,0
2025-03-17 11:00:00+03:00,19571.45,19581.45,19554.25,19578.55,3588,210,0
2025-03-17 11:15:00+03:00,19579.05,19595.95,19559.05,19591.65,3025,210,0
2025-03-17 11:30:00+03:00,19592.05,19594.25,19573.45,19592.25,2839,210,0
2025-03-17 11:45:00+03:00,19592.05,19605.75,19588.95,19598.15,2394,200,0
2025-03-17 12:00:00+03:00,19598.15,19608.15,19585.45,19595.45,2505,210,0
2025-03-17 12:15:00+03:00,19595.65,19602.05,19583.25,19600.45,2263,210,0
2025-03-17 12:30:00+03:00,19600.65,19610.05,19592.05,19602.45,2085,200,0
2025-03-17 12:45:00+03:00,19602.25,19615.25,19598.05,19603.55,1802,200,0
2025-03-17 13:00:00+03:00,19603.55,19630.05,19597.05,19627.55,2228,200,0
2025-03-17 13:15:00+03:00,19627.55,19632.55,19620.95,19631.55,1785,190,0
2025-03-17 13:30:00+03:00,19631.35,19648.35,19624.45,19632.75,1803,190,0
2025-03-17 13:45:00+03:00,19632.75,19667.45,19632.05,19658.85,1825,190,0
2025-03-17 14:00:00+03:00,19658.75,19681.65,19655.75,19678.15,2050,180,0
2025-03-17 14:15:00+03:00,19678.25,19695.75,19673.15,19676.55,2061,190,0
2025-03-17 14:30:00+03:00,19676.55,19692.55,19663.95,19674.75,2340,210,0
2025-03-17 14:45:00+03:00,19674.55,19678.65,19658.25,19662.25,2452,210,0
2025-03-17 15:00:00+03:00,19662.55,19666.05,19639.15,19654.55,2708,210,0
2025-03-17 15:15:00+03:00,19654.45,19667.15,19645.75,19651.92,2560,210,0
2025-03-17 15:30:00+03:00,19661.37,19757.05,19642.37,19746.05,3991,210,0
2025-03-17 15:45:00+03:00,19746.05,19753.55,19720.45,19731.05,3389,210,0
2025-03-17 16:00:00+03:00,19730.75,19732.25,19692.55,19714.05,3615,210,0
2025-03-17 16:15:00+03:00,19714.25,19715.05,19664.75,19678.55,3210,210,0
2025-03-17 16:30:00+03:00,19678.75,19826.45,19663.95,19790.85,4878,110,0
2025-03-17 16:45:00+03:00,19790.95,19806.45,19707.15,19768.75,4823,120,0
2025-03-17 17:00:00+03:00,19765.25,19795.75,19701.65,19788.85,4825,120,0
2025-03-17 17:15:00+03:00,19788.75,19792.45,19693.75,19695.95,4750,120,0
2025-03-17 17:30:00+03:00,19695.45,19737.25,19655.45,19730.15,4693,120,0
2025-03-17 17:45:00+03:00,19729.95,19734.65,19650.95,19666.15,4726,120,0
2025-03-17 18:00:00+03:00,19669.25,19689.75,19633.95,19678.75,4678,120,0
2025-03-17 18:15:00+03:00,19679.15,19712.85,19657.15,19659.85,4558,120,0
2025-03-17 18:30:00+03:00,19660.15,19675.75,19607.95,19633.45,4566,120,0
2025-03-17 18:45:00+03:00,19633.65,19680.15,19625.85,19661.45,4370,120,0
2025-03-17 19:00:00+03:00,19661.65,19723.75,19636.45,19708.95,4452,120,0
2025-03-17 19:15:00+03:00,19708.95,19715.75,19640.35,19647.85,4341,120,0
2025-03-17 19:30:00+03:00,19647.45,19690.25,19637.45,19651.45,4406,120,0
2025-03-17 19:45:00+03:00,19652.95,19693.75,19634.95,19678.15,4248,120,0
2025-03-17 20:00:00+03:00,19678.25,19702.15,19653.35,19701.55,4150,110,0
2025-03-17 20:15:00+03:00,19701.55,19749.85,19687.25,19740.45,4161,110,0
2025-03-17 20:30:00+03:00,19740.45,19803.85,19729.15,19795.35,4182,90,0
2025-03-17 20:45:00+03:00,19795.55,19812.65,19777.25,19795.15,4180,90,0
2025-03-17 21:00:00+03:00,19794.75,19860.95,19794.15,19855.45,4226,100,0
2025-03-17 21:15:00+03:00,19855.45,19901.95,19847.15,19896.95,4135,90,0
2025-03-17 21:30:00+03:00,19897.35,19917.95,19889.25,19906.45,4134,90,0
2025-03-17 21:45:00+03:00,19906.75,19937.75,19903.35,19916.55,4102,90,0
2025-03-17 22:00:00+03:00,19915.85,19923.35,19884.95,19899.45,4260,100,0
2025-03-17 22:15:00+03:00,19899.65,19904.65,19881.35,19896.65,4233,120,0
2025-03-17 22:30:00+03:00,19894.35,19908.95,19879.15,19893.65,4175,110,0
2025-03-17 22:45:00+03:00,19893.55,19898.55,19805.75,19812.15,4420,110,0
2025-03-17 23:00:00+03:00,19811.95,19811.95,19779.59,19794.89,3523,120,0
2025-03-17 23:15:00+03:00,19795.69,19814.39,19788.39,19813.99,1826,192,0
2025-03-17 23:30:00+03:00,19814.19,19816.89,19805.79,19807.59,1257,182,0
2025-03-17 23:45:00+03:00,19807.39,19812.09,19801.59,19809.79,555,192,0
2025-03-18 01:00:00+03:00,19826.55,19835.95,19821.25,19830.15,941,190,0
2025-03-18 01:15:00+03:00,19830.25,19835.45,19817.95,19830.05,1342,200,0
2025-03-18 01:30:00+03:00,19829.65,19838.45,19829.65,19835.25,1021,170,0
2025-03-18 01:45:00+03:00,19835.45,19838.25,19824.45,19831.35,762,160,0
2025-03-18 02:00:00+03:00,19831.15,19833.15,19800.65,19801.65,1202,170,0
2025-03-18 02:15:00+03:00,19801.45,19812.45,19798.15,19808.25,1324,160,0
2025-03-18 02:30:00+03:00,19808.45,19813.35,19802.95,19808.15,795,160,0
2025-03-18 02:45:00+03:00,19809.35,19816.15,19800.05,19802.05,1051,180,0
2025-03-18 03:00:00+03:00,19800.65,19808.35,19778.75,19790.95,1875,180,0
2025-03-18 03:15:00+03:00,19790.75,19795.25,19763.65,19775.55,1962,210,0
2025-03-18 03:30:00+03:00,19775.55,19783.65,19767.65,19773.95,1418,180,0
2025-03-18 03:45:00+03:00,19773.55,19780.55,19769.25,19775.25,1337,180,0
2025-03-18 04:00:00+03:00,19775.25,19787.55,19768.25,19782.75,1659,200,0
2025-03-18 04:15:00+03:00,19782.65,19784.55,19758.75,19770.05,1701,190,0
2025-03-18 04:30:00+03:00,19769.35,19769.75,19737.05,19740.15,2243,190,0
2025-03-18 04:45:00+03:00,19740.05,19744.15,19725.05,19729.75,1828,180,0
2025-03-18 05:00:00+03:00,19729.85,19744.25,19728.35,19740.15,1881,180,0
2025-03-18 05:15:00+03:00,19740.25,19744.95,19734.25,19738.15,1405,180,0
2025-03-18 05:30:00+03:00,19738.35,19749.05,19735.85,19743.85,1229,170,0
2025-03-18 05:45:00+03:00,19743.65,19748.55,19741.25,19741.85,1009,150,0
2025-03-18 06:00:00+03:00,19741.95,19745.35,19719.95,19732.05,1398,150,0
2025-03-18 06:15:00+03:00,19732.05,19732.65,19714.35,19723.45,1159,150,0
2025-03-18 06:30:00+03:00,19722.95,19727.15,19717.55,19717.85,944,150,0
2025-03-18 06:45:00+03:00,19717.85,19720.45,19706.75,19712.25,1174,160,0
2025-03-18 07:00:00+03:00,19711.75,19725.05,19710.85,19723.05,984,160,0
2025-03-18 07:15:00+03:00,19722.95,19727.65,19715.45,19718.15,812,150,0
2025-03-18 07:30:00+03:00,19718.65,19719.65,19692.55,19700.95,1141,150,0
2025-03-18 07:45:00+03:00,19700.65,19706.55,19695.85,19700.35,898,160,0
2025-03-18 08:00:00+03:00,19700.35,19715.25,19699.05,19710.85,996,160,0
2025-03-18 08:15:00+03:00,19710.85,19713.95,19704.25,19705.85,905,160,0
2025-03-18 08:30:00+03:00,19706.65,19708.25,19701.55,19707.85,906,160,0
2025-03-18 08:45:00+03:00,19707.65,19727.25,19707.45,19725.05,1037,170,0
2025-03-18 09:00:00+03:00,19725.65,19728.05,19713.75,19724.55,1066,160,0
2025-03-18 09:15:00+03:00,19724.45,19743.15,19723.05,19742.55,1270,170,0
2025-03-18 09:30:00+03:00,19741.05,19748.25,19730.35,19745.75,1332,170,0
2025-03-18 09:45:00+03:00,19745.65,19752.25,19741.35,19748.05,1228,170,0
2025-03-18 10:00:00+03:00,19748.35,19751.15,19735.55,19737.15,1719,180,0
2025-03-18 10:15:00+03:00,19737.25,19759.05,19734.85,19757.15,1531,180,0
2025-03-18 10:30:00+03:00,19757.15,19761.95,19749.55,19755.85,1545,180,0
2025-03-18 10:45:00+03:00,19754.85,19758.55,19746.45,19753.45,1443,180,0
2025-03-18 11:00:00+03:00,19753.45,19774.95,19742.15,19774.75,3139,200,0
2025-03-18 11:15:00+03:00,19776.15,19793.65,19773.65,19788.25,2779,210,0
2025-03-18 11:30:00+03:00,19787.75,19808.45,19786.05,19787.95,2913,210,0
2025-03-18 11:45:00+03:00,19787.25,19796.05,19777.25,19795.15,2393,200,0
2025-03-18 12:00:00+03:00,19795.75,19803.55,19784.55,19792.85,2401,200,0
2025-03-18 12:15:00+03:00,19792.95,19809.25,19786.05,19792.75,2158,190,0
2025-03-18 12:30:00+03:00,19792.75,19796.25,19764.75,19775.65,2445,210,0
2025-03-18 12:45:00+03:00,19775.75,19778.95,19749.95,19751.15,2366,210,0
2025-03-18 13:00:00+03:00,19751.15,19756.25,19719.55,19737.75,2791,210,0
2025-03-18 13:15:00+03:00,19737.55,19745.55,19697.95,19739.95,3330,210,0
2025-03-18 13:30:00+03:00,19739.75,19741.95,19710.15,19740.05,2797,210,0
2025-03-18 13:45:00+03:00,19739.95,19756.55,19737.25,19753.65,2328,200,0
2025-03-18 14:00:00+03:00,19754.15,19768.05,19736.55,19755.65,2578,210,0
2025-03-18 14:15:00+03:00,19755.95,19758.45,19728.55,19728.75,1387,200,0
2025-03-18 14:30:00+03:00,19728.95,19729.55,19703.25,19717.05,1799,200,0
2025-03-18 14:45:00+03:00,19717.25,19751.75,19716.95,19743.45,2130,190,0
2025-03-18 15:00:00+03:00,19742.25,19742.55,19707.45,19724.05,2945,200,0
2025-03-18 15:15:00+03:00,19724.25,19738.05,19708.15,19735.15,2714,210,0
2025-03-18 15:30:00+03:00,19736.15,19749.25,19711.05,19721.55,3382,210,0
2025-03-18 15:45:00+03:00,19721.95,19731.15,19676.55,19679.55,3086,210,0
2025-03-18 16:00:00+03:00,19679.45,19693.15,19661.15,19688.55,3533,210,0
2025-03-18 16:15:00+03:00,19688.45,19704.55,19662.15,19672.45,3781,210,0
2025-03-18 16:30:00+03:00,19672.75,19672.75,19486.65,19489.75,4913,120,0
2025-03-18 16:45:00+03:00,19488.95,19527.45,19435.45,19450.85,4909,120,0
2025-03-18 17:00:00+03:00,19449.65,19494.75,19418.35,19433.85,4896,120,0
2025-03-18 17:15:00+03:00,19434.85,19486.25,19417.45,19477.45,4815,120,0
2025-03-18 17:30:00+03:00,19477.85,19510.65,19448.45,19468.65,4797,120,0
2025-03-18 17:45:00+03:00,19466.75,19485.35,19431.45,19458.25,4703,120,0
2025-03-18 18:00:00+03:00,19458.25,19463.15,19383.85,19436.75,4716,120,0
2025-03-18 18:15:00+03:00,19435.15,19472.75,19422.85,19448.35,4632,120,0
2025-03-18 18:30:00+03:00,19448.15,19477.75,19436.35,19451.15,4554,120,0
2025-03-18 18:45:00+03:00,19450.65,19468.95,19408.15,19436.65,4483,120,0
2025-03-18 19:00:00+03:00,19437.35,19503.95,19428.15,19502.35,4341,110,0
2025-03-18 19:15:00+03:00,19502.15,19525.75,19472.25,19524.35,4178,100,0
2025-03-18 19:30:00+03:00,19517.95,19529.15,19463.65,19465.65,4508,120,0
2025-03-18 19:45:00+03:00,19464.45,19526.45,19432.75,19509.35,4494,120,0
2025-03-18 20:00:00+03:00,19509.15,19526.15,19462.45,19519.15,4101,120,0
2025-03-18 20:15:00+03:00,19518.95,19524.45,19434.95,19478.95,4660,120,0
2025-03-18 20:30:00+03:00,19479.75,19512.65,19446.85,19483.25,4496,120,0
2025-03-18 20:45:00+03:00,19482.85,19519.15,19470.25,19489.15,4313,120,0
2025-03-18 21:00:00+03:00,19489.25,19492.65,19436.85,19437.15,4373,120,0
2025-03-18 21:15:00+03:00,19437.95,19508.35,19436.45,19476.95,4273,120,0
2025-03-18 21:30:00+03:00,19477.35,19511.95,19466.85,19488.35,4233,120,0
2025-03-18 21:45:00+03:00,19488.35,19559.45,19486.35,19522.35,4345,110,0
2025-03-18 22:00:00+03:00,19522.95,19528.85,19481.25,19502.95,4381,120,0
2025-03-18 22:15:00+03:00,19503.75,19524.35,19465.35,19485.35,4467,120,0
2025-03-18 22:30:00+03:00,19485.85,19507.15,19454.35,19468.35,4487,120,0
2025-03-18 22:45:00+03:00,19469.35,19498.15,19439.45,19478.95,4483,120,0
2025-03-18 23:00:00+03:00,19479.95,19512.09,19479.95,19498.19,3061,120,0
2025-03-18 23:15:00+03:00,19496.79,19498.59,19478.59,19488.99,2060,202,0
2025-03-18 23:30:00+03:00,19489.19,19494.49,19482.39,19486.59,1451,182,0
2025-03-18 23:45:00+03:00,19486.59,19491.49,19486.59,19488.49,472,182,0
2025-03-19 01:00:00+03:00,19490.85,19492.15,19459.85,19469.55,532,200,0
2025-03-19 01:15:00+03:00,19471.15,19477.75,19452.85,19453.55,965,180,0
2025-03-19 01:30:00+03:00,19453.65,19488.25,19453.35,19486.15,948,180,0
2025-03-19 01:45:00+03:00,19484.35,19508.95,19484.35,19494.45,1154,180,0
2025-03-19 02:00:00+03:00,19494.45,19505.65,19494.45,19496.95,930,180,0
2025-03-19 02:15:00+03:00,19496.95,19497.05,19472.15,19483.95,1147,180,0
2025-03-19 02:30:00+03:00,19484.15,19502.15,19476.55,19495.45,894,180,0
2025-03-19 02:45:00+03:00,19495.55,19502.65,19491.95,19495.15,960,180,0
2025-03-19 03:00:00+03:00,19494.85,19511.75,19492.15,19510.55,1548,190,0
2025-03-19 03:15:00+03:00,19510.65,19549.25,19507.35,19543.15,1665,200,0
2025-03-19 03:30:00+03:00,19542.35,19570.85,19536.65,19570.15,1833,200,0
2025-03-19 03:45:00+03:00,19570.35,19583.05,19558.25,19561.85,1719,200,0
2025-03-19 04:00:00+03:00,19561.65,19572.25,19554.65,19561.65,1361,200,0
2025-03-19 04:15:00+03:00,19561.65,19565.55,19551.55,19559.45,1306,190,0
2025-03-19 04:30:00+03:00,19559.05,19565.85,19548.05,19564.35,1472,190,0
2025-03-19 04:45:00+03:00,19563.75,19566.45,19548.65,19557.05,1192,170,0
2025-03-19 05:00:00+03:00,19557.35,19562.95,19550.35,19557.45,1104,170,0
2025-03-19 05:15:00+03:00,19557.85,19565.85,19557.05,19559.25,872,170,0
2025-03-19 05:30:00+03:00,19558.75,19565.95,19550.65,19560.45,1161,170,0
2025-03-19 05:45:00+03:00,19560.45,19560.45,19539.65,19539.95,1207,190,0
2025-03-19 06:00:00+03:00,19540.05,19559.75,19540.05,19558.65,1000,160,0
2025-03-19 06:15:00+03:00,19558.55,19560.15,19547.85,19549.45,675,150,0
2025-03-19 06:30:00+03:00,19550.15,19554.15,19541.85,19545.95,649,150,0
2025-03-19 06:45:00+03:00,19545.75,19551.55,19540.85,19549.25,814,160,0
2025-03-19 07:00:00+03:00,19549.45,19550.75,19532.65,19535.75,903,160,0
2025-03-19 07:15:00+03:00,19536.05,19536.15,19523.75,19524.45,902,160,0
2025-03-19 07:30:00+03:00,19524.55,19531.65,19517.15,19522.95,716,160,0
2025-03-19 07:45:00+03:00,19522.55,19527.35,19517.95,19521.55,591,150,0
2025-03-19 08:00:00+03:00,19521.45,19523.35,19509.85,19514.45,1073,170,0
2025-03-19 08:15:00+03:00,19514.25,19535.45,19512.65,19532.75,936,170,0
2025-03-19 08:30:00+03:00,19532.55,19548.15,19532.55,19538.65,961,160,0
2025-03-19 08:45:00+03:00,19538.95,19540.75,19517.75,19524.05,855,170,0
2025-03-19 09:00:00+03:00,19523.95,19528.35,19511.95,19512.65,924,170,0
2025-03-19 09:15:00+03:00,19512.45,19522.25,19509.45,19521.85,1001,180,0
2025-03-19 09:30:00+03:00,19520.85,19529.75,19503.35,19522.85,1258,180,0
2025-03-19 09:45:00+03:00,19522.95,19527.95,19512.45,19525.55,848,160,0
2025-03-19 10:00:00+03:00,19525.35,19525.35,19481.15,19482.65,1677,170,0
2025-03-19 10:15:00+03:00,19482.25,19513.45,19482.25,19510.15,1459,200,0
2025-03-19 10:30:00+03:00,19509.85,19512.35,19446.65,19456.05,2176,210,0
2025-03-19 10:45:00+03:00,19455.85,19477.15,19447.15,19460.25,2307,210,0
2025-03-19 11:00:00+03:00,19459.35,19503.75,19457.85,19494.05,3428,210,0
2025-03-19 11:15:00+03:00,19493.05,19510.35,19472.75,19506.55,2553,210,0
2025-03-19 11:30:00+03:00,19507.15,19532.65,19503.05,19515.05,2440,210,0
2025-03-19 11:45:00+03:00,19514.55,19524.65,19507.05,19507.55,1852,200,0
2025-03-19 12:00:00+03:00,19507.25,19523.75,19492.25,19492.25,2319,210,0
2025-03-19 12:15:00+03:00,19492.35,19531.05,19492.15,19528.65,2015,210,0
2025-03-19 12:30:00+03:00,19527.85,19545.65,19523.65,19542.15,1862,210,0
2025-03-19 12:45:00+03:00,19542.25,19552.85,19535.15,19549.65,1722,200,0
2025-03-19 13:00:00+03:00,19549.75,19568.85,19548.25,19557.15,2001,210,0
2025-03-19 13:15:00+03:00,19557.25,19560.25,19543.75,19558.65,1870,200,0
2025-03-19 13:30:00+03:00,19558.05,19571.05,19542.25,19544.15,1846,210,0
2025-03-19 13:45:00+03:00,19544.55,19550.35,19535.35,19544.55,1535,190,0
2025-03-19 14:00:00+03:00,19543.55,19562.85,19538.75,19562.55,1889,180,0
2025-03-19 14:15:00+03:00,19562.55,19565.85,19549.05,19558.45,1584,190,0
2025-03-19 14:30:00+03:00,19558.15,19575.55,19552.25,19573.45,1668,190,0
2025-03-19 14:45:00+03:00,19573.45,19575.25,19534.85,19559.35,2171,200,0
2025-03-19 15:00:00+03:00,19559.35,19569.25,19547.15,19555.65,2186,210,0
2025-03-19 15:15:00+03:00,19555.65,19568.85,19535.85,19541.75,2243,200,0
2025-03-19 15:30:00+03:00,19541.05,19548.55,19529.05,19547.75,2301,210,0
2025-03-19 15:45:00+03:00,19547.85,19559.05,19536.55,19546.75,2021,200,0
2025-03-19 16:00:00+03:00,19547.75,19556.55,19531.75,19547.15,2268,200,0
2025-03-19 16:15:00+03:00,19547.05,19577.35,19534.15,19574.65,2953,210,0
2025-03-19 16:30:00+03:00,19574.75,19600.95,19493.95,19512.75,4869,120,0
2025-03-19 16:45:00+03:00,19512.45,19630.75,19509.35,19609.85,4731,120,0
2025-03-19 17:00:00+03:00,19610.45,19686.75,19610.45,19670.45,4580,120,0
2025-03-19 17:15:00+03:00,19670.35,19679.45,19629.75,19634.75,4443,120,0
2025-03-19 17:30:00+03:00,19636.25,19650.05,19601.55,19612.25,4372,120,0
2025-03-19 17:45:00+03:00,19612.65,19618.65,19574.15,19582.65,4246,120,0
2025-03-19 18:00:00+03:00,19582.75,19660.25,19575.65,19645.85,4109,110,0
2025-03-19 18:15:00+03:00,19645.95,19667.85,19606.25,19659.35,4120,110,0
2025-03-19 18:30:00+03:00,19659.25,19686.75,19645.85,19684.75,3836,90,0
2025-03-19 18:45:00+03:00,19685.15,19721.55,19673.75,19704.05,3947,90,0
2025-03-19 19:00:00+03:00,19704.25,19717.25,19676.05,19681.15,3970,90,0
2025-03-19 19:15:00+03:00,19681.65,19694.05,19666.15,19689.95,3726,90,0
2025-03-19 19:30:00+03:00,19688.55,19693.25,19649.75,19660.05,3753,80,0
2025-03-19 19:45:00+03:00,19660.25,19674.45,19638.65,19660.35,3544,80,0
2025-03-19 20:00:00+03:00,19659.85,19669.65,19596.25,19600.25,3849,100,0
2025-03-19 20:15:00+03:00,19599.55,19615.05,19586.85,19590.65,3781,100,0
2025-03-19 20:30:00+03:00,19590.85,19634.55,19571.75,19604.15,3914,110,0
2025-03-19 20:45:00+03:00,19604.15,19609.75,19570.65,19600.25,3509,110,0
2025-03-19 21:00:00+03:00,19580.65,19693.05,19566.75,19676.05,4689,120,0
2025-03-19 21:15:00+03:00,19676.85,19711.65,19645.55,19654.75,4581,120,0
2025-03-19 21:30:00+03:00,19654.55,19761.15,19654.55,19751.65,4786,120,0
2025-03-19 21:45:00+03:00,19751.65,19813.35,19726.35,19809.65,4756,120,0
2025-03-19 22:00:00+03:00,19808.35,19925.15,19806.75,19879.85,4737,120,0
2025-03-19 22:15:00+03:00,19881.65,19895.25,19721.05,19740.55,4800,120,0
2025-03-19 22:30:00+03:00,19740.05,19842.25,19726.35,19838.25,4739,120,0
2025-03-19 22:45:00+03:00,19838.05,19838.05,19719.25,19735.75,4702,120,0
2025-03-19 23:00:00+03:00,19737.59,19764.89,19736.59,19753.49,3107,132,0
2025-03-19 23:15:00+03:00,19752.99,19757.29,19736.19,19739.19,1249,192,0
2025-03-19 23:30:00+03:00,19738.89,19740.79,19728.69,19731.19,1044,172,0
2025-03-19 23:45:00+03:00,19729.99,19733.49,19724.99,19733.49,367,182,0
2025-03-20 01:00:00+03:00,19745.35,19777.05,19738.55,19776.85,1068,200,0
2025-03-20 01:15:00+03:00,19777.65,19782.45,19766.55,19777.75,1141,180,0
2025-03-20 01:30:00+03:00,19778.25,19792.75,19772.25,19788.35,1234,170,0
2025-03-20 01:45:00+03:00,19788.35,19809.85,19787.35,19795.75,1343,160,0
2025-03-20 02:00:00+03:00,19795.75,19800.35,19787.05,19792.35,1154,170,0
2025-03-20 02:15:00+03:00,19792.55,19801.75,19791.05,19799.85,736,160,0
2025-03-20 02:30:00+03:00,19800.15,19810.15,19792.95,19804.45,899,160,0
2025-03-20 02:45:00+03:00,19803.95,19817.95,19803.95,19815.45,1040,170,0
2025-03-20 03:00:00+03:00,19815.65,19820.85,19802.35,19802.85,1189,170,0
2025-03-20 03:15:00+03:00,19802.95,19831.15,19795.55,19828.75,1145,170,0
2025-03-20 03:30:00+03:00,19829.05,19839.15,19823.75,19836.85,1066,170,0
2025-03-20 03:45:00+03:00,19837.35,19840.75,19827.85,19831.85,855,160,0
2025-03-20 04:00:00+03:00,19831.35,19840.75,19825.45,19838.05,1177,170,0
2025-03-20 04:15:00+03:00,19838.25,19841.35,19830.65,19832.15,920,150,0
2025-03-20 04:30:00+03:00,19832.85,19832.85,19816.75,19818.45,1425,150,0
2025-03-20 04:45:00+03:00,19818.45,19821.05,19809.35,19812.35,1299,170,0
2025-03-20 05:00:00+03:00,19811.75,19839.05,19811.35,19836.65,1313,170,0
2025-03-20 05:15:00+03:00,19836.55,19857.85,19832.35,19851.45,1211,170,0
2025-03-20 05:30:00+03:00,19851.45,19857.85,19842.95,19850.85,941,170,0
2025-03-20 05:45:00+03:00,19850.85,19856.45,19841.25,19852.35,929,160,0
2025-03-20 06:00:00+03:00,19852.15,19874.35,19852.15,19872.35,1110,160,0
2025-03-20 06:15:00+03:00,19872.05,19875.95,19864.35,19864.55,928,160,0
2025-03-20 06:30:00+03:00,19864.65,19872.45,19861.65,19870.15,768,160,0
2025-03-20 06:45:00+03:00,19870.05,19870.35,19862.15,19867.45,685,150,0
2025-03-20 07:00:00+03:00,19867.55,19869.15,19862.25,19863.35,510,150,0
2025-03-20 07:15:00+03:00,19864.25,19875.45,19862.95,19870.95,527,150,0
2025-03-20 07:30:00+03:00,19870.75,19874.65,19852.75,19854.35,816,150,0
2025-03-20 07:45:00+03:00,19854.55,19865.15,19854.25,19863.95,654,150,0
2025-03-20 08:00:00+03:00,19863.95,19865.35,19855.25,19860.55,807,150,0
2025-03-20 08:15:00+03:00,19860.25,19861.75,19852.05,19859.05,811,150,0
2025-03-20 08:30:00+03:00,19858.45,19861.65,19855.55,19857.65,703,150,0
2025-03-20 08:45:00+03:00,19857.95,19873.75,19856.75,19871.35,842,150,0
2025-03-20 09:00:00+03:00,19871.35,19872.75,19853.85,19855.55,1043,170,0
2025-03-20 09:15:00+03:00,19855.55,19858.85,19841.05,19844.95,992,160,0
2025-03-20 09:30:00+03:00,19844.45,19850.25,19828.75,19850.25,1032,170,0
2025-03-20 09:45:00+03:00,19850.35,19851.45,19832.35,19834.55,1062,170,0
2025-03-20 10:00:00+03:00,19834.25,19859.15,19824.95,19850.55,1642,180,0
2025-03-20 10:15:00+03:00,19850.55,19853.55,19830.15,19845.45,1397,190,0
2025-03-20 10:30:00+03:00,19844.95,19846.55,19831.15,19834.05,1231,180,0
2025-03-20 10:45:00+03:00,19833.75,19834.65,19820.65,19824.85,1421,190,0
2025-03-20 11:00:00+03:00,19825.55,19848.45,19824.85,19848.15,2731,210,0
2025-03-20 11:15:00+03:00,19847.65,19856.65,19837.45,19851.55,1933,190,0
2025-03-20 11:30:00+03:00,19851.65,19856.75,19840.95,19842.75,1835,180,0
2025-03-20 11:45:00+03:00,19842.75,19854.05,19833.65,19839.25,1960,190,0
2025-03-20 12:00:00+03:00,19839.25,19842.85,19813.65,19814.45,2334,200,0
2025-03-20 12:15:00+03:00,19813.55,19822.25,19784.35,19784.45,2494,200,0
2025-03-20 12:30:00+03:00,19784.45,19788.45,19752.65,19761.55,2946,210,0
2025-03-20 12:45:00+03:00,19761.45,19763.05,19719.35,19737.85,3102,210,0
2025-03-20 13:00:00+03:00,19738.35,19739.85,19634.45,19649.45,3547,210,0
2025-03-20 13:15:00+03:00,19649.55,19649.55,19519.55,19574.35,4411,210,0
2025-03-20 13:30:00+03:00,19574.35,19596.05,19537.55,19552.95,4107,210,0
2025-03-20 13:45:00+03:00,19552.15,19608.05,19544.55,19599.55,3629,210,0
2025-03-20 14:00:00+03:00,19599.35,19618.15,19587.45,19614.35,3218,210,0
2025-03-20 14:15:00+03:00,19615.85,19643.45,19596.95,19603.95,2905,210,0
2025-03-20 14:30:00+03:00,19603.95,19633.95,19579.15,19630.85,2866,210,0
2025-03-20 14:45:00+03:00,19630.65,19645.45,19625.15,19636.35,2221,210,0
2025-03-20 15:00:00+03:00,19636.55,19644.15,19620.85,19629.45,2811,210,0
2025-03-20 15:15:00+03:00,19629.55,19633.05,19607.55,19618.85,2627,210,0
2025-03-20 15:30:00+03:00,19619.85,19645.05,19612.95,19634.35,3256,210,0
2025-03-20 15:45:00+03:00,19634.05,19639.55,19608.45,19611.85,2603,210,0
2025-03-20 16:00:00+03:00,19611.45,19611.65,19573.65,19602.65,3576,210,0
2025-03-20 16:15:00+03:00,19602.95,19607.95,19564.55,19569.55,3366,210,0
2025-03-20 16:30:00+03:00,19571.35,19690.65,19541.65,19667.75,4884,120,0
2025-03-20 16:45:00+03:00,19666.85,19723.75,19665.25,19720.05,4655,120,0
2025-03-20 17:00:00+03:00,19717.55,19809.75,19714.55,19785.35,4738,120,0
2025-03-20 17:15:00+03:00,19785.55,19870.05,19759.55,19839.05,4582,120,0
2025-03-20 17:30:00+03:00,19839.85,19883.05,19807.15,19875.05,4544,120,0
2025-03-20 17:45:00+03:00,19875.65,19888.75,19818.25,19827.35,4434,120,0
2025-03-20 18:00:00+03:00,19826.85,19845.85,19793.75,19834.65,4443,120,0
2025-03-20 18:15:00+03:00,19834.55,19838.35,19798.55,19815.35,4247,120,0
2025-03-20 18:30:00+03:00,19814.85,19823.15,19749.65,19809.85,4396,120,0
2025-03-20 18:45:00+03:00,19810.05,19839.05,19765.05,19770.55,4237,110,0
2025-03-20 19:00:00+03:00,19770.35,19818.55,19727.25,19757.65,4413,120,0
2025-03-20 19:15:00+03:00,19758.35,19758.35,19653.75,19664.35,4334,120,0
2025-03-20 19:30:00+03:00,19664.85,19704.65,19645.65,19659.65,4402,120,0
2025-03-20 19:45:00+03:00,19659.85,19695.85,19644.85,19660.15,4262,120,0
2025-03-20 20:00:00+03:00,19660.15,19725.35,19654.85,19709.35,4206,120,0
2025-03-20 20:15:00+03:00,19709.35,19711.65,19614.85,19615.85,4237,120,0
2025-03-20 20:30:00+03:00,19615.35,19667.05,19610.65,19664.35,4133,120,0
2025-03-20 20:45:00+03:00,19664.65,19687.25,19618.75,19632.55,4061,120,0
2025-03-20 21:00:00+03:00,19634.15,19682.35,19628.55,19661.65,4037,120,0
2025-03-20 21:15:00+03:00,19659.85,19673.35,19588.05,19591.35,4192,120,0
2025-03-20 21:30:00+03:00,19591.85,19626.15,19580.35,19595.55,4244,120,0
2025-03-20 21:45:00+03:00,19595.35,19668.85,19592.35,19603.65,4215,120,0
2025-03-20 22:00:00+03:00,19600.55,19651.85,19600.35,19638.55,4108,120,0
2025-03-20 22:15:00+03:00,19638.15,19682.65,19612.15,19617.25,4165,120,0
2025-03-20 22:30:00+03:00,19617.35,19674.65,19617.35,19674.35,4195,120,0
2025-03-20 22:45:00+03:00,19674.35,19705.15,19652.35,19666.25,4505,120,0
2025-03-20 23:00:00+03:00,19670.05,19694.89,19663.29,19689.89,2880,132,0
2025-03-20 23:15:00+03:00,19689.09,19696.49,19679.69,19691.89,1333,192,0
2025-03-20 23:30:00+03:00,19692.09,19694.49,19683.99,19686.29,941,172,0
2025-03-20 23:45:00+03:00,19686.09,19690.99,19685.29,19690.59,322,172,0
2025-03-21 01:00:00+03:00,19687.75,19687.85,19672.85,19674.75,337,160,0
2025-03-21 01:15:00+03:00,19675.05,19696.05,19674.65,19690.55,699,170,0
2025-03-21 01:30:00+03:00,19690.55,19701.35,19686.15,19698.65,492,170,0
2025-03-21 01:45:00+03:00,19698.75,19699.05,19676.15,19680.55,473,160,0
2025-03-21 02:00:00+03:00,19680.55,19681.55,19645.45,19649.55,1199,170,0
2025-03-21 02:15:00+03:00,19651.05,19655.75,19641.15,19651.25,715,190,0
2025-03-21 02:30:00+03:00,19651.15,19662.35,19640.45,19660.85,806,180,0
2025-03-21 02:45:00+03:00,19662.35,19682.75,19660.65,19679.05,1285,180,0
2025-03-21 03:00:00+03:00,19679.35,19713.35,19673.75,19711.15,1787,190,0
2025-03-21 03:15:00+03:00,19711.95,19717.45,19698.65,19704.15,1430,180,0
2025-03-21 03:30:00+03:00,19704.05,19719.65,19701.65,19706.85,1343,180,0
2025-03-21 03:45:00+03:00,19707.15,19714.95,19700.95,19706.65,1070,170,0
2025-03-21 04:00:00+03:00,19706.15,19713.25,19698.75,19702.75,1402,190,0
2025-03-21 04:15:00+03:00,19702.85,19713.85,19693.95,19711.55,1305,180,0
2025-03-21 04:30:00+03:00,19712.55,19725.65,19706.75,19719.65,1638,180,0
2025-03-21 04:45:00+03:00,19719.35,19724.45,19714.95,19719.05,1197,160,0
2025-03-21 05:00:00+03:00,19718.45,19722.15,19703.05,19710.55,1221,170,0
2025-03-21 05:15:00+03:00,19710.45,19710.55,19684.55,19696.75,1429,180,0
2025-03-21 05:30:00+03:00,19696.35,19700.65,19691.05,19698.15,1140,170,0
2025-03-21 05:45:00+03:00,19698.15,19710.35,19695.65,19696.75,1131,170,0
2025-03-21 06:00:00+03:00,19696.75,19697.15,19670.95,19675.25,1651,180,0
2025-03-21 06:15:00+03:00,19675.05,19688.45,19657.95,19679.05,1499,190,0
2025-03-21 06:30:00+03:00,19677.65,19682.05,19674.35,19680.35,1066,180,0
2025-03-21 06:45:00+03:00,19680.15,19685.05,19666.55,19667.85,1106,180,0
2025-03-21 07:00:00+03:00,19667.95,19686.95,19665.65,19685.05,936,170,0
2025-03-21 07:15:00+03:00,19685.05,19687.05,19675.95,19681.95,772,170,0
2025-03-21 07:30:00+03:00,19681.95,19683.65,19666.65,19670.85,922,170,0
2025-03-21 07:45:00+03:00,19670.65,19672.45,19654.95,19662.35,1000,170,0
2025-03-21 08:00:00+03:00,19662.55,19663.15,19645.65,19648.85,1488,190,0
2025-03-21 08:15:00+03:00,19648.85,19665.65,19648.85,19660.05,1204,170,0
2025-03-21 08:30:00+03:00,19660.55,19664.25,19622.35,19623.95,1486,180,0
2025-03-21 08:45:00+03:00,19623.85,19644.05,19616.45,19643.45,1418,170,0
2025-03-21 09:00:00+03:00,19643.45,19650.55,19635.55,19647.15,1422,170,0
2025-03-21 09:15:00+03:00,19646.65,19658.35,19640.35,19650.25,1198,180,0
2025-03-21 09:30:00+03:00,19650.05,19670.45,19642.95,19660.35,1597,200,0
2025-03-21 09:45:00+03:00,19660.75,19685.65,19657.35,19684.65,1184,190,0
2025-03-21 10:00:00+03:00,19685.15,19690.05,19664.85,19665.75,1767,190,0
2025-03-21 10:15:00+03:00,19666.75,19666.75,19645.15,19648.45,1499,190,0
2025-03-21 10:30:00+03:00,19648.45,19654.35,19613.55,19621.45,1854,200,0
2025-03-21 10:45:00+03:00,19621.85,19637.85,19615.45,19635.25,2124,200,0
2025-03-21 11:00:00+03:00,19635.95,19665.75,19624.95,19646.35,2987,210,0
2025-03-21 11:15:00+03:00,19646.85,19647.85,19575.75,19582.95,3372,210,0
2025-03-21 11:30:00+03:00,19583.95,19596.45,19557.75,19568.75,3159,210,0
2025-03-21 11:45:00+03:00,19567.95,19593.45,19561.45,19590.55,3046,210,0
2025-03-21 12:00:00+03:00,19591.55,19595.55,19556.45,19585.45,2761,210,0
2025-03-21 12:15:00+03:00,19585.35,19591.95,19562.95,19583.55,2352,210,0
2025-03-21 12:30:00+03:00,19583.35,19608.95,19578.75,19602.45,2469,210,0
2025-03-21 12:45:00+03:00,19602.55,19603.25,19581.85,19589.85,2092,200,0
2025-03-21 13:00:00+03:00,19589.95,19631.35,19589.25,19630.55,2614,210,0
2025-03-21 13:15:00+03:00,19630.45,19637.95,19604.65,19610.15,2183,190,0
2025-03-21 13:30:00+03:00,19610.15,19613.05,19563.95,19579.95,2469,190,0
2025-03-21 13:45:00+03:00,19580.25,19602.85,19576.25,19594.25,2417,210,0
2025-03-21 14:00:00+03:00,19593.35,19603.75,19582.05,19599.95,2441,210,0
2025-03-21 14:15:00+03:00,19600.35,19613.95,19591.45,19611.35,2087,200,0
2025-03-21 14:30:00+03:00,19610.25,19617.65,19602.35,19604.95,2004,200,0
2025-03-21 14:45:00+03:00,19604.95,19613.75,19579.75,19585.8,2075,0,0
2025-03-21 15:00:00+03:00,19586.3,19623.0,19584.9,19618.5,2188,0,0
2025-03-21 15:15:00+03:00,19618.8,19618.8,19582.35,19585.95,2309,0,0
2025-03-21 15:30:00+03:00,19585.95,19590.45,19479.85,19488.55,3668,210,0
2025-03-21 15:45:00+03:00,19488.35,19512.95,19466.95,19473.95,3927,210,0
2025-03-21 16:00:00+03:00,19474.25,19475.05,19445.35,19449.65,4081,210,0
2025-03-21 16:15:00+03:00,19450.45,19468.95,19401.85,19451.45,4334,210,0
2025-03-21 16:30:00+03:00,19448.55,19506.65,19403.55,19478.65,4936,120,0
2025-03-21 16:45:00+03:00,19479.85,19547.35,19459.15,19514.35,4808,120,0
2025-03-21 17:00:00+03:00,19514.75,19532.85,19459.15,19512.65,4769,120,0
2025-03-21 17:15:00+03:00,19511.35,19568.05,19492.75,19541.15,4641,120,0
2025-03-21 17:30:00+03:00,19539.85,19555.75,19491.15,19532.65,4562,120,0
2025-03-21 17:45:00+03:00,19532.55,19591.75,19513.85,19589.15,4426,120,0
2025-03-21 18:00:00+03:00,19589.35,19606.85,19544.65,19546.15,4510,120,0
2025-03-21 18:15:00+03:00,19546.35,19550.85,19504.75,19511.75,4485,120,0
2025-03-21 18:30:00+03:00,19511.85,19544.35,19475.65,19479.65,4467,120,0
2025-03-21 18:45:00+03:00,19479.75,19533.75,19476.75,19507.85,4427,120,0
2025-03-21 19:00:00+03:00,19505.15,19603.05,19477.25,19596.75,4431,120,0
2025-03-21 19:15:00+03:00,19599.05,19664.05,19588.45,19642.25,4424,120,0
2025-03-21 19:30:00+03:00,19642.45,19669.05,19617.35,19623.35,4363,120,0
2025-03-21 19:45:00+03:00,19623.35,19692.25,19623.35,19691.35,4209,120,0
2025-03-21 20:00:00+03:00,19688.55,19690.05,19640.45,19647.05,4224,110,0
2025-03-21 20:15:00+03:00,19646.95,19650.75,19606.75,19618.05,4126,110,0
2025-03-21 20:30:00+03:00,19618.05,19674.75,19598.25,19660.55,4024,100,0
2025-03-21 20:45:00+03:00,19660.75,19696.35,19650.55,19654.05,4076,100,0
2025-03-21 21:00:00+03:00,19653.55,19675.05,19640.55,19655.95,4064,100,0
2025-03-21 21:15:00+03:00,19655.55,19668.15,19628.75,19638.05,3957,100,0
2025-03-21 21:30:00+03:00,19637.85,19684.55,19636.45,19680.45,4095,90,0
2025-03-21 21:45:00+03:00,19680.45,19684.55,19643.45,19656.65,4105,100,0
2025-03-21 22:00:00+03:00,19658.25,19658.65,19609.25,19631.55,4226,110,0
2025-03-21 22:15:00+03:00,19631.35,19647.35,19614.35,19637.55,4003,110,0
2025-03-21 22:30:00+03:00,19637.65,19655.55,19626.55,19645.95,4231,110,0
2025-03-21 22:45:00+03:00,19643.75,19768.95,19641.05,19746.45,4412,100,0
2025-03-21 23:00:00+03:00,19747.55,19767.09,19734.09,19751.59,3045,120,0
2025-03-21 23:15:00+03:00,19751.69,19755.69,19743.59,19753.19,1501,182,0
2025-03-21 23:30:00+03:00,19752.89,19773.19,19752.39,19759.59,1236,182,0
2025-03-21 23:45:00+03:00,19759.49,19761.49,19753.89,19761.09,400,182,0
2025-03-24 01:00:00+03:00,19876.55,19887.95,19871.45,19874.45,1599,210,0
2025-03-24 01:15:00+03:00,19874.75,19884.55,19864.95,19879.35,1512,190,0
2025-03-24 01:30:00+03:00,19880.45,19881.45,19866.85,19871.05,1423,190,0
2025-03-24 01:45:00+03:00,19871.55,19874.85,19857.55,19861.65,1467,200,0
2025-03-24 02:00:00+03:00,19861.85,19869.05,19854.95,19861.95,1144,170,0
2025-03-24 02:15:00+03:00,19861.85,19868.75,19858.05,19865.85,855,160,0
2025-03-24 02:30:00+03:00,19865.75,19881.65,19862.95,19880.95,1181,170,0
2025-03-24 02:45:00+03:00,19880.75,19912.55,19878.25,19906.25,1357,160,0
2025-03-24 03:00:00+03:00,19907.45,19930.65,19900.85,19915.85,2260,200,0
2025-03-24 03:15:00+03:00,19916.05,19935.05,19908.55,19934.25,1669,190,0
2025-03-24 03:30:00+03:00,19934.55,19936.75,19904.25,19912.25,1612,180,0
2025-03-24 03:45:00+03:00,19912.85,19924.75,19912.15,19921.25,1320,170,0
2025-03-24 04:00:00+03:00,19919.95,19922.75,19906.05,19917.25,1288,170,0
2025-03-24 04:15:00+03:00,19916.75,19925.05,19906.35,19908.85,1345,170,0
2025-03-24 04:30:00+03:00,19909.35,19922.65,19898.25,19901.75,1754,190,0
2025-03-24 04:45:00+03:00,19901.75,19909.65,19900.35,19907.95,1324,170,0
2025-03-24 05:00:00+03:00,19908.15,19914.15,19901.45,19905.15,1205,160,0
2025-03-24 05:15:00+03:00,19905.45,19907.55,19900.65,19906.05,985,160,0
2025-03-24 05:30:00+03:00,19906.15,19911.05,19897.55,19909.85,903,160,0
2025-03-24 05:45:00+03:00,19909.55,19915.65,19909.25,19912.75,808,150,0
2025-03-24 06:00:00+03:00,19912.55,19918.35,19912.05,19916.25,796,150,0
2025-03-24 06:15:00+03:00,19916.75,19920.65,19906.55,19908.25,984,150,0
2025-03-24 06:30:00+03:00,19907.85,19908.45,19899.45,19904.95,994,150,0
2025-03-24 06:45:00+03:00,19904.85,19906.15,19900.35,19902.85,538,150,0
2025-03-24 07:00:00+03:00,19903.35,19903.35,19895.25,19898.15,740,150,0
2025-03-24 07:15:00+03:00,19898.05,19907.45,19897.35,19904.55,629,150,0
2025-03-24 07:30:00+03:00,19904.55,19912.15,19904.55,19910.35,548,150,0
2025-03-24 07:45:00+03:00,19910.65,19911.75,19908.65,19911.15,383,150,0
2025-03-24 08:00:00+03:00,19911.05,19921.05,19910.65,19920.85,891,150,0
2025-03-24 08:15:00+03:00,19920.55,19924.55,19918.45,19918.65,778,150,0
2025-03-24 08:30:00+03:00,19918.35,19920.35,19912.85,19916.25,711,150,0
2025-03-24 08:45:00+03:00,19916.15,19918.15,19913.55,19915.45,499,150,0
2025-03-24 09:00:00+03:00,19916.05,19917.35,19909.05,19912.05,631,150,0
2025-03-24 09:15:00+03:00,19912.05,19921.65,19912.05,19920.15,628,150,0
2025-03-24 09:30:00+03:00,19920.15,19927.35,19912.95,19926.85,1018,150,0
2025-03-24 09:45:00+03:00,19926.95,19948.05,19925.45,19945.45,1145,160,0
2025-03-24 10:00:00+03:00,19946.05,19957.45,19939.05,19957.45,1418,160,0
2025-03-24 10:15:00+03:00,19957.75,19971.15,19957.45,19970.55,1431,170,0
2025-03-24 10:30:00+03:00,19970.45,19971.25,19958.35,19960.55,1287,170,0
2025-03-24 10:45:00+03:00,19960.55,19970.15,19960.25,19965.75,1072,160,0
2025-03-24 11:00:00+03:00,19963.05,20018.55,19957.35,20016.95,2920,170,0
2025-03-24 11:15:00+03:00,20022.95,20025.25,19992.05,20007.75,2332,200,0
2025-03-24 11:30:00+03:00,20004.15,20015.05,20000.35,20003.85,2310,200,0
2025-03-24 11:45:00+03:00,20003.95,20021.35,19996.55,20009.05,2130,190,0
2025-03-24 12:00:00+03:00,20009.05,20020.15,19995.65,20019.45,2001,190,0
2025-03-24 12:15:00+03:00,20019.35,20019.65,19994.65,19998.25,1865,190,0
2025-03-24 12:30:00+03:00,19998.55,19998.55,19977.75,19985.25,2055,190,0
2025-03-24 12:45:00+03:00,19985.55,20002.35,19984.45,19987.65,1666,180,0
2025-03-24 13:00:00+03:00,19987.85,19993.15,19981.85,19990.35,1648,190,0
2025-03-24 13:15:00+03:00,19990.65,20010.95,19988.05,20009.85,1535,170,0
2025-03-24 13:30:00+03:00,20009.65,20028.35,20007.45,20023.95,1614,170,0
2025-03-24 13:45:00+03:00,20024.25,20024.45,20011.75,20013.15,1378,170,0
2025-03-24 14:00:00+03:00,20012.75,20046.75,20008.85,20044.05,2049,170,0
2025-03-24 14:15:00+03:00,20043.85,20050.85,20034.45,20040.85,1839,190,0
2025-03-24 14:30:00+03:00,20041.15,20049.55,20026.05,20038.15,1884,180,0
2025-03-24 14:45:00+03:00,20038.15,20059.85,20037.05,20051.85,1555,170,0
2025-03-24 15:00:00+03:00,20052.05,20058.55,20042.85,20044.25,1876,180,0
2025-03-24 15:15:00+03:00,20044.25,20059.65,20036.25,20058.25,2150,180,0
2025-03-24 15:30:00+03:00,20058.35,20074.75,20057.85,20072.15,2235,180,0
2025-03-24 15:45:00+03:00,20073.05,20074.25,20060.05,20071.25,2066,190,0
2025-03-24 16:00:00+03:00,20071.25,20083.95,20065.75,20074.15,2208,190,0
2025-03-24 16:15:00+03:00,20073.95,20084.25,20051.35,20054.95,2821,190,0
2025-03-24 16:30:00+03:00,20054.45,20091.05,20028.55,20055.87,4609,80,0
2025-03-24 16:45:00+03:00,20063.77,20137.15,20062.27,20113.55,4535,120,0
2025-03-24 17:00:00+03:00,20116.65,20127.65,20073.65,20118.05,4441,120,0
2025-03-24 17:15:00+03:00,20117.65,20146.25,20109.25,20137.75,4132,100,0
2025-03-24 17:30:00+03:00,20138.05,20148.65,20115.15,20130.15,4173,100,0
2025-03-24 17:45:00+03:00,20130.45,20158.35,20127.75,20148.35,3646,80,0
2025-03-24 18:00:00+03:00,20148.15,20169.15,20132.05,20157.45,3668,80,0
2025-03-24 18:15:00+03:00,20157.55,20168.65,20143.85,20154.65,3394,80,0
2025-03-24 18:30:00+03:00,20155.15,20159.35,20128.65,20132.95,3670,80,0
2025-03-24 18:45:00+03:00,20133.55,20157.35,20129.35,20154.15,3339,80,0
2025-03-24 19:00:00+03:00,20153.95,20179.65,20146.65,20169.35,3214,80,0
2025-03-24 19:15:00+03:00,20169.65,20173.85,20133.55,20136.75,3484,80,0
2025-03-24 19:30:00+03:00,20136.55,20152.25,20118.15,20139.05,4017,80,0
2025-03-24 19:45:00+03:00,20139.25,20159.25,20133.35,20140.65,3485,80,0
2025-03-24 20:00:00+03:00,20140.85,20146.55,20116.65,20121.35,3788,80,0
2025-03-24 20:15:00+03:00,20121.75,20137.25,20108.55,20136.65,3523,80,0
2025-03-24 20:30:00+03:00,20137.25,20149.15,20128.95,20135.15,3377,80,0
2025-03-24 20:45:00+03:00,20134.85,20148.35,20125.75,20141.35,3192,80,0
2025-03-24 21:00:00+03:00,20141.45,20143.85,20107.85,20119.95,3476,80,0
2025-03-24 21:15:00+03:00,20120.35,20138.15,20114.85,20134.35,3242,80,0
2025-03-24 21:30:00+03:00,20134.35,20168.05,20116.25,20158.55,3600,80,0
2025-03-24 21:45:00+03:00,20158.45,20170.25,20127.95,20165.35,3524,80,0
2025-03-24 22:00:00+03:00,20166.35,20190.65,20159.35,20173.35,3083,80,0
2025-03-24 22:15:00+03:00,20173.65,20185.85,20165.85,20170.15,2830,80,0
2025-03-24 22:30:00+03:00,20169.45,20179.75,20160.15,20171.85,3057,80,0
2025-03-24 22:45:00+03:00,20171.95,20207.55,20165.45,20165.45,3809,80,0
2025-03-24 23:00:00+03:00,20166.45,20175.19,20155.69,20168.99,2441,120,0
2025-03-24 23:15:00+03:00,20168.99,20177.79,20164.79,20165.89,1034,162,0
2025-03-24 23:30:00+03:00,20165.99,20169.99,20162.19,20164.99,686,162,0
2025-03-24 23:45:00+03:00,20165.09,20167.49,20162.59,20166.79,258,162,0
2025-03-25 01:00:00+03:00,20160.65,20162.75,20144.35,20149.25,495,160,0
2025-03-25 01:15:00+03:00,20148.95,20150.55,20142.85,20144.45,460,150,0
2025-03-25 01:30:00+03:00,20144.25,20155.55,20143.85,20152.95,596,150,0
2025-03-25 01:45:00+03:00,20152.85,20154.55,20143.55,20149.05,445,150,0
2025-03-25 02:00:00+03:00,20149.05,20157.55,20143.95,20148.55,560,150,0
2025-03-25 02:15:00+03:00,20149.05,20151.65,20147.15,20150.65,329,150,0
2025-03-25 02:30:00+03:00,20151.65,20167.05,20151.65,20166.05,653,150,0
2025-03-25 02:45:00+03:00,20165.95,20167.55,20154.25,20155.25,644,150,0
2025-03-25 03:00:00+03:00,20154.95,20162.95,20143.85,20148.85,1549,160,0
2025-03-25 03:15:00+03:00,20148.75,20159.85,20134.35,20150.55,1600,180,0
2025-03-25 03:30:00+03:00,20150.25,20154.55,20146.35,20149.15,1010,170,0
2025-03-25 03:45:00+03:00,20149.15,20169.85,20148.15,20168.15,1079,170,0
2025-03-25 04:00:00+03:00,20167.95,20174.45,20160.05,20169.15,1248,160,0
2025-03-25 04:15:00+03:00,20169.35,20171.15,20161.65,20164.45,995,160,0
2025-03-25 04:30:00+03:00,20164.15,20173.25,20158.85,20171.35,1405,170,0
2025-03-25 04:45:00+03:00,20171.65,20172.85,20159.85,20161.15,1003,160,0
2025-03-25 05:00:00+03:00,20160.65,20160.65,20144.35,20146.75,1322,150,0
2025-03-25 05:15:00+03:00,20146.55,20153.65,20143.95,20153.45,988,150,0
2025-03-25 05:30:00+03:00,20152.95,20153.45,20145.75,20148.05,763,150,0
2025-03-25 05:45:00+03:00,20148.25,20148.55,20138.05,20143.95,965,150,0
2025-03-25 06:00:00+03:00,20144.25,20147.95,20143.55,20147.15,726,150,0
2025-03-25 06:15:00+03:00,20147.15,20147.15,20133.45,20135.05,717,150,0
2025-03-25 06:30:00+03:00,20135.25,20137.75,20130.15,20137.35,638,150,0
2025-03-25 06:45:00+03:00,20137.25,20138.75,20134.25,20138.75,523,150,0
2025-03-25 07:00:00+03:00,20138.75,20141.25,20132.15,20132.75,602,150,0
2025-03-25 07:15:00+03:00,20132.75,20134.15,20129.55,20130.75,569,150,0
2025-03-25 07:30:00+03:00,20130.55,20138.75,20129.05,20137.55,542,150,0
2025-03-25 07:45:00+03:00,20137.25,20138.35,20134.75,20136.15,384,150,0
2025-03-25 08:00:00+03:00,20136.05,20141.15,20133.35,20140.85,575,150,0
2025-03-25 08:15:00+03:00,20140.55,20142.65,20136.35,20139.75,579,150,0
2025-03-25 08:30:00+03:00,20139.75,20139.75,20135.65,20137.25,472,150,0
2025-03-25 08:45:00+03:00,20137.05,20141.75,20136.75,20141.25,365,150,0
2025-03-25 09:00:00+03:00,20141.35,20142.75,20137.35,20141.75,536,150,0
2025-03-25 09:15:00+03:00,20141.65,20143.15,20135.75,20138.05,529,150,0
2025-03-25 09:30:00+03:00,20137.75,20144.65,20133.25,20141.55,677,150,0
2025-03-25 09:45:00+03:00,20141.25,20150.85,20137.15,20150.85,579,150,0
2025-03-25 10:00:00+03:00,20150.75,20171.75,20149.35,20167.75,1189,160,0
2025-03-25 10:15:00+03:00,20167.45,20171.25,20157.55,20158.95,992,160,0
2025-03-25 10:30:00+03:00,20158.75,20160.95,20146.75,20147.45,1014,160,0
2025-03-25 10:45:00+03:00,20146.75,20149.25,20138.25,20138.65,1034,160,0
2025-03-25 11:00:00+03:00,20140.35,20150.65,20116.55,20118.25,2551,180,0
2025-03-25 11:15:00+03:00,20118.35,20118.35,20094.55,20098.95,2677,210,0
2025-03-25 11:30:00+03:00,20099.05,20108.55,20093.35,20107.05,2205,190,0
2025-03-25 11:45:00+03:00,20107.35,20120.95,20101.65,20104.15,1805,180,0
2025-03-25 12:00:00+03:00,20104.35,20112.95,20096.05,20103.05,1887,190,0
2025-03-25 12:15:00+03:00,20103.05,20124.05,20100.35,20114.75,1880,190,0
2025-03-25 12:30:00+03:00,20114.75,20130.85,20112.35,20129.15,1594,180,0
2025-03-25 12:45:00+03:00,20129.15,20144.15,20128.35,20142.95,1375,170,0
2025-03-25 13:00:00+03:00,20141.65,20147.45,20120.35,20133.45,1567,170,0
2025-03-25 13:15:00+03:00,20133.35,20164.35,20133.25,20156.05,1751,180,0
2025-03-25 13:30:00+03:00,20156.85,20172.85,20154.55,20171.95,1691,190,0
2025-03-25 13:45:00+03:00,20172.05,20181.65,20167.05,20173.45,1749,180,0
2025-03-25 14:00:00+03:00,20174.85,20195.05,20163.85,20173.35,2542,180,0
2025-03-25 14:15:00+03:00,20173.45,20185.85,20167.05,20185.15,1807,180,0
2025-03-25 14:30:00+03:00,20185.25,20198.15,20178.65,20194.25,1584,180,0
2025-03-25 14:45:00+03:00,20194.35,20215.35,20193.65,20211.05,1779,170,0
2025-03-25 15:00:00+03:00,20211.45,20218.25,20203.65,20211.85,1979,180,0
2025-03-25 15:15:00+03:00,20211.95,20222.45,20204.75,20221.35,1659,180,0
2025-03-25 15:30:00+03:00,20221.35,20246.25,20218.95,20227.05,2267,180,0
2025-03-25 15:45:00+03:00,20227.05,20232.45,20203.15,20206.15,2096,170,0
2025-03-25 16:00:00+03:00,20206.35,20233.85,20201.95,20225.65,2383,180,0
2025-03-25 16:15:00+03:00,20225.75,20230.85,20194.45,20200.75,2571,190,0
2025-03-25 16:30:00+03:00,20203.45,20228.05,20170.15,20194.95,4673,100,0
2025-03-25 16:45:00+03:00,20194.95,20222.55,20162.65,20213.45,4431,120,0
2025-03-25 17:00:00+03:00,20212.55,20239.05,20171.05,20224.75,4476,120,0
2025-03-25 17:15:00+03:00,20225.15,20253.65,20215.95,20253.55,4312,110,0
2025-03-25 17:30:00+03:00,20254.05,20280.85,20221.95,20279.75,3934,80,0
2025-03-25 17:45:00+03:00,20280.45,20290.75,20261.65,20277.15,3636,80,0
2025-03-25 18:00:00+03:00,20276.15,20294.25,20273.15,20280.25,3605,80,0
2025-03-25 18:15:00+03:00,20280.35,20285.75,20265.95,20274.95,3384,80,0
2025-03-25 18:30:00+03:00,20275.25,20277.95,20249.25,20263.75,3539,80,0
2025-03-25 18:45:00+03:00,20263.95,20265.95,20231.95,20241.65,3632,80,0
2025-03-25 19:00:00+03:00,20241.95,20257.85,20234.75,20251.15,3538,80,0
2025-03-25 19:15:00+03:00,20250.95,20250.95,20227.45,20231.65,3239,80,0
2025-03-25 19:30:00+03:00,20231.25,20243.95,20217.15,20240.95,3311,80,0
2025-03-25 19:45:00+03:00,20240.95,20260.45,20232.45,20249.85,2884,80,0
2025-03-25 20:00:00+03:00,20249.45,20279.25,20249.45,20257.45,2875,80,0
2025-03-25 20:15:00+03:00,20258.25,20259.35,20201.95,20208.15,3262,80,0
2025-03-25 20:30:00+03:00,20207.95,20227.95,20207.75,20224.95,3282,80,0
2025-03-25 20:45:00+03:00,20224.75,20227.35,20209.95,20213.75,3187,80,0
2025-03-25 21:00:00+03:00,20213.25,20240.65,20202.25,20239.75,3374,80,0
2025-03-25 21:15:00+03:00,20239.25,20256.25,20228.85,20233.75,3215,80,0
2025-03-25 21:30:00+03:00,20233.45,20239.65,20215.35,20225.25,3350,80,0
2025-03-25 21:45:00+03:00,20224.75,20233.75,20211.75,20227.25,3297,80,0
2025-03-25 22:00:00+03:00,20226.85,20252.75,20225.25,20233.25,3196,80,0
2025-03-25 22:15:00+03:00,20232.95,20251.45,20226.25,20237.25,3126,80,0
2025-03-25 22:30:00+03:00,20237.35,20268.65,20236.85,20264.25,3670,80,0
2025-03-25 22:45:00+03:00,20265.25,20290.75,20261.45,20287.35,3825,80,0
2025-03-25 23:00:00+03:00,20288.19,20307.39,20285.79,20301.69,2080,122,0
2025-03-25 23:15:00+03:00,20302.39,20317.99,20301.69,20317.29,954,162,0
2025-03-25 23:30:00+03:00,20316.99,20323.29,20314.69,20317.99,813,162,0
2025-03-25 23:45:00+03:00,20318.09,20319.79,20314.79,20315.79,272,162,0
2025-03-26 01:00:00+03:00,20315.85,20330.15,20313.15,20318.95,748,170,0
2025-03-26 01:15:00+03:00,20318.65,20320.55,20311.75,20313.25,760,150,0
2025-03-26 01:30:00+03:00,20313.15,20314.35,20305.85,20309.85,652,150,0
2025-03-26 01:45:00+03:00,20310.15,20315.05,20308.15,20310.25,468,150,0
2025-03-26 02:00:00+03:00,20310.65,20318.05,20310.55,20316.15,617,150,0
2025-03-26 02:15:00+03:00,20316.25,20319.25,20312.35,20318.15,425,150,0
2025-03-26 02:30:00+03:00,20318.15,20323.85,20313.35,20323.85,612,150,0
2025-03-26 02:45:00+03:00,20323.05,20333.55,20322.35,20325.15,911,150,0
2025-03-26 03:00:00+03:00,20325.25,20325.65,20313.25,20321.85,1254,150,0
2025-03-26 03:15:00+03:00,20322.05,20327.25,20319.75,20321.25,890,160,0
2025-03-26 03:30:00+03:00,20320.95,20337.95,20319.75,20334.45,1138,160,0
2025-03-26 03:45:00+03:00,20334.55,20334.55,20327.15,20328.85,867,150,0
2025-03-26 04:00:00+03:00,20328.75,20328.75,20314.45,20321.15,955,150,0
2025-03-26 04:15:00+03:00,20321.25,20323.75,20312.55,20314.55,1028,150,0
2025-03-26 04:30:00+03:00,20314.55,20315.45,20308.95,20311.45,1402,150,0
2025-03-26 04:45:00+03:00,20311.75,20315.85,20306.95,20312.15,1225,150,0
2025-03-26 05:00:00+03:00,20312.05,20314.05,20300.75,20301.65,1136,150,0
2025-03-26 05:15:00+03:00,20301.85,20303.25,20273.35,20277.55,1519,150,0
2025-03-26 05:30:00+03:00,20277.55,20285.45,20275.75,20284.95,1291,160,0
2025-03-26 05:45:00+03:00,20285.25,20297.05,20283.75,20295.05,1003,150,0
2025-03-26 06:00:00+03:00,20294.25,20295.65,20286.85,20288.15,939,150,0
2025-03-26 06:15:00+03:00,20288.05,20291.15,20285.65,20286.35,749,150,0
2025-03-26 06:30:00+03:00,20286.65,20286.65,20273.95,20277.55,856,150,0
2025-03-26 06:45:00+03:00,20277.35,20281.65,20271.35,20280.85,728,150,0
2025-03-26 07:00:00+03:00,20281.25,20282.15,20276.75,20278.65,553,150,0
2025-03-26 07:15:00+03:00,20278.55,20279.35,20274.75,20275.35,532,150,0
2025-03-26 07:30:00+03:00,20275.15,20283.55,20274.35,20281.85,443,150,0
2025-03-26 07:45:00+03:00,20282.15,20285.35,20277.85,20285.35,512,150,0
2025-03-26 08:00:00+03:00,20285.35,20291.25,20283.65,20289.65,862,150,0
2025-03-26 08:15:00+03:00,20289.85,20296.05,20283.15,20284.05,861,150,0
2025-03-26 08:30:00+03:00,20283.85,20283.85,20271.25,20274.55,778,150,0
2025-03-26 08:45:00+03:00,20274.75,20276.05,20260.05,20261.05,1072,150,0
2025-03-26 09:00:00+03:00,20261.05,20264.45,20257.65,20259.85,1066,160,0
2025-03-26 09:15:00+03:00,20259.75,20266.35,20255.25,20255.55,898,150,0
2025-03-26 09:30:00+03:00,20255.85,20267.85,20254.75,20265.25,1060,150,0
2025-03-26 09:45:00+03:00,20265.15,20276.15,20264.75,20274.75,705,150,0
2025-03-26 10:00:00+03:00,20274.65,20284.75,20271.75,20273.25,1233,150,0
2025-03-26 10:15:00+03:00,20273.75,20292.85,20273.45,20291.65,1025,150,0
2025-03-26 10:30:00+03:00,20291.65,20299.25,20289.35,20294.35,961,150,0
2025-03-26 10:45:00+03:00,20294.35,20296.75,20278.45,20279.75,1117,150,0
2025-03-26 11:00:00+03:00,20280.15,20284.65,20242.25,20259.55,2752,180,0
2025-03-26 11:15:00+03:00,20259.35,20265.95,20244.25,20263.35,2476,190,0
2025-03-26 11:30:00+03:00,20263.35,20274.15,20262.15,20269.95,2007,190,0
2025-03-26 11:45:00+03:00,20269.65,20269.85,20251.85,20253.95,2235,180,0
2025-03-26 12:00:00+03:00,20254.25,20269.25,20246.55,20263.95,2321,180,0
2025-03-26 12:15:00+03:00,20264.35,20266.15,20247.25,20254.45,1885,190,0
2025-03-26 12:30:00+03:00,20254.55,20264.25,20252.05,20255.25,1697,180,0
2025-03-26 12:45:00+03:00,20255.55,20261.65,20234.25,20234.25,2058,180,0
2025-03-26 13:00:00+03:00,20234.35,20249.05,20230.95,20246.05,2013,190,0
2025-03-26 13:15:00+03:00,20246.15,20256.95,20244.95,20248.95,1557,170,0
2025-03-26 13:30:00+03:00,20248.95,20267.25,20246.75,20257.65,1692,180,0
2025-03-26 13:45:00+03:00,20257.95,20275.15,20257.35,20274.85,1306,160,0
2025-03-26 14:00:00+03:00,20274.85,20279.75,20260.25,20269.75,1516,180,0
2025-03-26 14:15:00+03:00,20269.75,20280.25,20262.45,20274.85,1524,170,0
2025-03-26 14:30:00+03:00,20275.25,20292.25,20271.95,20286.95,1443,180,0
2025-03-26 14:45:00+03:00,20287.25,20294.15,20283.25,20283.95,1348,160,0
2025-03-26 15:00:00+03:00,20283.95,20285.85,20273.05,20277.15,1756,160,0
2025-03-26 15:15:00+03:00,20276.85,20277.95,20259.45,20263.15,1817,170,0
2025-03-26 15:30:00+03:00,20264.45,20273.25,20251.45,20267.45,2429,180,0
2025-03-26 15:45:00+03:00,20267.35,20285.25,20266.35,20281.65,2258,190,0
2025-03-26 16:00:00+03:00,20281.55,20287.25,20269.75,20274.55,2350,180,0
2025-03-26 16:15:00+03:00,20274.55,20275.15,20238.25,20238.25,2880,190,0
2025-03-26 16:30:00+03:00,20239.45,20276.05,20214.95,20245.55,4639,80,0
2025-03-26 16:45:00+03:00,20246.45,20255.75,20108.55,20118.65,4618,120,0
2025-03-26 17:00:00+03:00,20118.05,20155.15,20096.45,20119.45,4545,120,0
2025-03-26 17:15:00+03:00,20120.45,20126.45,20028.95,20086.15,4521,120,0
2025-03-26 17:30:00+03:00,20086.55,20097.45,20072.65,20080.95,4329,120,0
2025-03-26 17:45:00+03:00,20080.95,20113.65,20059.75,20097.25,4145,110,0
2025-03-26 18:00:00+03:00,20096.95,20118.55,20090.45,20111.95,3995,100,0
2025-03-26 18:15:00+03:00,20111.85,20121.85,20059.15,20074.45,4055,100,0
2025-03-26 18:30:00+03:00,20073.55,20098.15,20049.45,20053.75,3943,90,0
2025-03-26 18:45:00+03:00,20053.15,20063.45,19972.25,19994.05,4181,100,0
2025-03-26 19:00:00+03:00,19992.65,20005.15,19967.65,19988.25,4218,110,0
2025-03-26 19:15:00+03:00,19987.95,20009.55,19968.25,20006.65,4038,90,0
2025-03-26 19:30:00+03:00,20006.75,20019.25,19976.45,19979.45,3983,100,0
2025-03-26 19:45:00+03:00,19978.65,20000.75,19928.35,19936.15,4010,100,0
2025-03-26 20:00:00+03:00,19934.15,19960.85,19933.15,19946.95,4119,110,0
2025-03-26 20:15:00+03:00,19946.95,19950.25,19916.65,19924.55,4125,100,0
2025-03-26 20:30:00+03:00,19924.45,19932.15,19880.75,19904.95,4249,110,0
2025-03-26 20:45:00+03:00,19904.15,19924.25,19884.45,19886.95,3932,90,0
2025-03-26 21:00:00+03:00,19887.05,19935.95,19879.45,19924.45,3863,90,0
2025-03-26 21:15:00+03:00,19924.95,19947.55,19917.85,19938.75,3781,80,0
2025-03-26 21:30:00+03:00,19938.45,19949.25,19882.75,19888.05,3782,90,0
2025-03-26 21:45:00+03:00,19887.65,19893.95,19853.85,19861.05,3916,90,0
2025-03-26 22:00:00+03:00,19860.25,19885.95,19848.75,19864.05,3996,90,0
2025-03-26 22:15:00+03:00,19864.75,19903.85,19860.25,19868.35,3980,90,0
2025-03-26 22:30:00+03:00,19868.35,19907.15,19865.65,19896.85,4027,110,0
2025-03-26 22:45:00+03:00,19898.35,19937.95,19887.85,19916.25,4307,120,0
2025-03-26 23:00:00+03:00,19916.95,19922.69,19900.69,19914.49,2482,120,0
2025-03-26 23:15:00+03:00,19914.49,19915.89,19896.29,19898.79,1494,192,0
2025-03-26 23:30:00+03:00,19898.29,19900.29,19888.79,19894.89,1313,182,0
2025-03-26 23:45:00+03:00,19895.49,19904.49,19895.49,19902.49,403,192,0
2025-03-27 01:00:00+03:00,19877.05,19901.05,19848.25,19849.35,1228,210,0
2025-03-27 01:15:00+03:00,19849.35,19852.65,19809.25,19823.35,2576,210,0
2025-03-27 01:30:00+03:00,19823.55,19848.35,19823.25,19839.05,2258,210,0
2025-03-27 01:45:00+03:00,19838.75,19843.85,19820.85,19823.95,1510,180,0
2025-03-27 02:00:00+03:00,19824.15,19838.75,19818.05,19826.95,1572,190,0
2025-03-27 02:15:00+03:00,19827.25,19839.15,19825.15,19838.25,1187,180,0
2025-03-27 02:30:00+03:00,19838.25,19855.05,19837.75,19854.85,1198,170,0
2025-03-27 02:45:00+03:00,19854.95,19875.85,19852.95,19864.35,1850,180,0
2025-03-27 03:00:00+03:00,19864.35,19883.15,19854.65,19867.15,2227,200,0
2025-03-27 03:15:00+03:00,19867.15,19892.85,19855.25,19879.05,1815,190,0
2025-03-27 03:30:00+03:00,19879.55,19896.65,19873.65,19892.05,1705,190,0
2025-03-27 03:45:00+03:00,19892.35,19898.45,19875.35,19877.45,1623,190,0
2025-03-27 04:00:00+03:00,19877.75,19895.65,19875.95,19886.55,1805,190,0
2025-03-27 04:15:00+03:00,19886.85,19891.05,19880.45,19886.85,1560,190,0
2025-03-27 04:30:00+03:00,19886.85,19891.55,19876.85,19889.65,2148,190,0
2025-03-27 04:45:00+03:00,19889.85,19906.35,19887.45,19893.75,1696,180,0
2025-03-27 05:00:00+03:00,19893.65,19918.25,19893.55,19914.35,1450,160,0
2025-03-27 05:15:00+03:00,19914.55,19924.95,19913.05,19919.05,1243,160,0
2025-03-27 05:30:00+03:00,19918.95,19928.55,19913.95,19927.05,1205,170,0
2025-03-27 05:45:00+03:00,19927.35,19927.45,19919.25,19923.75,1265,160,0
2025-03-27 06:00:00+03:00,19923.85,19933.15,19920.95,19924.65,1221,160,0
2025-03-27 06:15:00+03:00,19924.35,19930.05,19921.35,19924.05,863,150,0
2025-03-27 06:30:00+03:00,19925.35,19952.65,19924.65,19944.35,1334,160,0
2025-03-27 06:45:00+03:00,19944.45,19946.85,19936.95,19939.45,819,150,0
2025-03-27 07:00:00+03:00,19939.55,19952.85,19934.05,19934.55,1037,150,0
2025-03-27 07:15:00+03:00,19934.25,19940.95,19931.45,19938.55,700,150,0
2025-03-27 07:30:00+03:00,19938.65,19943.15,19933.35,19938.15,749,150,0
2025-03-27 07:45:00+03:00,19938.15,19941.65,19935.85,19939.65,631,150,0
2025-03-27 08:00:00+03:00,19939.45,19939.95,19925.25,19928.25,1100,150,0
2025-03-27 08:15:00+03:00,19928.15,19936.85,19926.75,19934.45,957,150,0
2025-03-27 08:30:00+03:00,19934.15,19949.25,19932.35,19946.25,960,150,0
2025-03-27 08:45:00+03:00,19946.15,19947.15,19917.85,19919.65,1182,160,0
2025-03-27 09:00:00+03:00,19919.95,19933.25,19912.65,19933.25,1459,180,0
2025-03-27 09:15:00+03:00,19933.25,19944.05,19925.15,19941.65,1369,170,0
2025-03-27 09:30:00+03:00,19941.15,19945.15,19930.35,19932.45,1563,180,0
2025-03-27 09:45:00+03:00,19932.25,19933.85,19908.95,19917.85,1403,190,0
2025-03-27 10:00:00+03:00,19917.65,19925.45,19889.35,19920.85,2307,190,0
2025-03-27 10:15:00+03:00,19920.65,19924.65,19904.35,19909.05,1799,200,0
2025-03-27 10:30:00+03:00,19908.95,19914.15,19887.05,19888.25,1972,200,0
2025-03-27 10:45:00+03:00,19889.05,19900.15,19874.15,19878.75,2128,210,0
2025-03-27 11:00:00+03:00,19879.75,19897.25,19826.05,19844.25,3787,210,0
2025-03-27 11:15:00+03:00,19843.85,19879.55,19841.35,19875.25,3441,210,0
2025-03-27 11:30:00+03:00,19875.35,19898.35,19874.55,19890.65,2966,210,0
2025-03-27 11:45:00+03:00,19890.35,19919.85,19872.15,19917.05,2908,210,0
2025-03-27 12:00:00+03:00,19917.55,19921.85,19900.35,19915.65,2755,210,0
2025-03-27 12:15:00+03:00,19915.15,19928.15,19899.55,19925.55,2353,200,0
2025-03-27 12:30:00+03:00,19924.35,19928.35,19902.55,19911.05,2020,200,0
2025-03-27 12:45:00+03:00,19911.05,19934.35,19911.05,19922.15,2198,200,0
2025-03-27 13:00:00+03:00,19922.35,19943.25,19916.15,19931.85,2332,200,0
2025-03-27 13:15:00+03:00,19931.35,19933.05,19909.85,19918.65,2203,200,0
2025-03-27 13:30:00+03:00,19918.35,19925.55,19906.05,19910.15,2051,200,0
2025-03-27 13:45:00+03:00,19910.35,19914.85,19878.85,19880.55,2585,200,0
2025-03-27 14:00:00+03:00,19880.35,19902.35,19863.85,19872.35,2883,210,0
2025-03-27 14:15:00+03:00,19872.05,19880.75,19836.35,19841.15,2828,210,0
2025-03-27 14:30:00+03:00,19841.65,19877.75,19841.15,19874.85,2447,200,0
2025-03-27 14:45:00+03:00,19875.25,19899.55,19872.85,19894.35,1936,200,0
2025-03-27 15:00:00+03:00,19892.35,19896.35,19860.35,19873.55,2575,210,0
2025-03-27 15:15:00+03:00,19872.25,19877.65,19855.15,19860.92,2419,210,0
2025-03-27 15:30:00+03:00,19860.82,19910.05,19857.27,19882.65,3511,210,0
2025-03-27 15:45:00+03:00,19883.65,19890.65,19863.05,19870.15,2966,210,0
2025-03-27 16:00:00+03:00,19870.05,19886.15,19859.55,19860.35,3247,210,0
2025-03-27 16:15:00+03:00,19860.15,19864.15,19817.15,19832.35,3400,210,0
2025-03-27 16:30:00+03:00,19833.35,19873.45,19744.85,19785.95,4790,120,0
2025-03-27 16:45:00+03:00,19785.95,19895.05,19767.35,19882.55,4694,120,0
2025-03-27 17:00:00+03:00,19878.55,19907.35,19834.05,19895.55,4672,120,0
2025-03-27 17:15:00+03:00,19897.45,19927.55,19854.05,19926.45,4490,120,0
2025-03-27 17:30:00+03:00,19926.85,19976.75,19912.95,19964.55,4403,120,0
2025-03-27 17:45:00+03:00,19964.35,20004.75,19935.95,19994.55,4368,120,0
2025-03-27 18:00:00+03:00,19995.35,19999.05,19950.45,19969.75,4310,120,0
2025-03-27 18:15:00+03:00,19969.55,19974.85,19936.75,19939.25,4093,110,0
2025-03-27 18:30:00+03:00,19939.75,19939.75,19866.55,19880.25,4428,120,0
2025-03-27 18:45:00+03:00,19880.55,19888.75,19848.05,19853.35,4276,120,0
2025-03-27 19:00:00+03:00,19854.75,19908.85,19845.55,19906.55,4231,120,0
2025-03-27 19:15:00+03:00,19905.85,19960.95,19879.95,19885.75,4226,110,0
2025-03-27 19:30:00+03:00,19884.95,19916.25,19875.55,19896.05,4202,120,0
2025-03-27 19:45:00+03:00,19895.75,19906.75,19812.25,19813.95,4279,120,0
2025-03-27 20:00:00+03:00,19814.55,19869.95,19807.85,19869.25,4224,110,0
2025-03-27 20:15:00+03:00,19868.95,19876.05,19812.75,19815.35,4157,110,0
2025-03-27 20:30:00+03:00,19815.95,19848.45,19810.95,19827.45,4181,120,0
2025-03-27 20:45:00+03:00,19826.95,19869.95,19812.95,19820.35,4159,120,0
2025-03-27 21:00:00+03:00,19820.85,19887.75,19816.85,19885.85,4190,110,0
2025-03-27 21:15:00+03:00,19885.75,19893.55,19850.55,19863.55,4172,110,0
2025-03-27 21:30:00+03:00,19861.45,19907.35,19846.75,19883.55,4170,120,0
2025-03-27 21:45:00+03:00,19885.55,19914.95,19846.05,19851.45,4035,90,0
2025-03-27 22:00:00+03:00,19850.05,19902.95,19843.05,19902.55,4191,120,0
2025-03-27 22:15:00+03:00,19902.45,19935.25,19889.75,19915.85,4163,120,0
2025-03-27 22:30:00+03:00,19915.45,19916.95,19858.95,19871.75,4259,120,0
2025-03-27 22:45:00+03:00,19871.75,19877.95,19780.95,19800.55,4333,120,0
2025-03-27 23:00:00+03:00,19801.55,19818.99,19795.59,19808.19,2997,120,0
2025-03-27 23:15:00+03:00,19808.09,19810.69,19793.29,19808.09,1678,192,0
2025-03-27 23:30:00+03:00,19807.89,19820.09,19805.59,19818.29,1127,172,0
2025-03-27 23:45:00+03:00,19818.89,19823.79,19818.29,19819.49,384,182,0
2025-03-28 01:00:00+03:00,19806.95,19807.95,19790.45,19794.75,944,190,0
2025-03-28 01:15:00+03:00,19794.65,19807.65,19790.55,19803.65,925,170,0
2025-03-28 01:30:00+03:00,19803.95,19817.85,19802.95,19813.05,836,160,0
2025-03-28 01:45:00+03:00,19813.35,19814.35,19800.05,19801.55,770,150,0
2025-03-28 02:00:00+03:00,19801.85,19806.45,19766.35,19773.55,1734,150,0
2025-03-28 02:15:00+03:00,19773.55,19783.15,19767.45,19782.25,1117,180,0
2025-03-28 02:30:00+03:00,19782.45,19783.15,19764.35,19774.25,1157,180,0
2025-03-28 02:45:00+03:00,19773.95,19786.55,19769.25,19775.65,1134,170,0
2025-03-28 03:00:00+03:00,19775.75,19781.15,19743.75,19753.05,2116,190,0
2025-03-28 03:15:00+03:00,19753.25,19774.95,19751.75,19772.55,1449,170,0
2025-03-28 03:30:00+03:00,19772.25,19789.35,19771.55,19779.75,1254,170,0
2025-03-28 03:45:00+03:00,19779.75,19796.95,19776.95,19795.05,1225,170,0
2025-03-28 04:00:00+03:00,19794.45,19798.95,19786.65,19788.75,1324,170,0
2025-03-28 04:15:00+03:00,19789.05,19802.35,19789.05,19799.25,1415,170,0
2025-03-28 04:30:00+03:00,19798.55,19801.25,19792.25,19795.55,1762,160,0
2025-03-28 04:45:00+03:00,19795.55,19795.55,19773.45,19775.85,1634,180,0
2025-03-28 05:00:00+03:00,19775.75,19796.45,19773.75,19791.95,1537,170,0
2025-03-28 05:15:00+03:00,19791.95,19799.75,19790.55,19799.45,1237,150,0
2025-03-28 05:30:00+03:00,19799.55,19808.25,19796.85,19804.35,1177,150,0
2025-03-28 05:45:00+03:00,19804.15,19805.75,19793.35,19794.45,1006,150,0
2025-03-28 06:00:00+03:00,19795.25,19796.65,19789.75,19796.15,1174,150,0
2025-03-28 06:15:00+03:00,19795.85,19796.85,19792.15,19795.15,845,150,0
2025-03-28 06:30:00+03:00,19795.15,19803.35,19779.15,19785.75,1133,150,0
2025-03-28 06:45:00+03:00,19785.55,19801.85,19783.95,19799.85,729,150,0
2025-03-28 07:00:00+03:00,19799.45,19801.85,19779.45,19780.85,830,160,0
2025-03-28 07:15:00+03:00,19780.75,19784.65,19777.35,19783.25,785,150,0
2025-03-28 07:30:00+03:00,19783.35,19793.85,19781.65,19792.35,812,150,0
2025-03-28 07:45:00+03:00,19791.95,19793.65,19785.85,19792.35,661,150,0
2025-03-28 08:00:00+03:00,19792.35,19799.05,19789.35,19794.15,1094,150,0
2025-03-28 08:15:00+03:00,19794.05,19797.55,19785.75,19786.15,1137,160,0
2025-03-28 08:30:00+03:00,19786.25,19787.35,19777.45,19782.85,1186,160,0
2025-03-28 08:45:00+03:00,19782.65,19787.55,19774.55,19786.15,1082,150,0
2025-03-28 09:00:00+03:00,19785.85,19812.45,19780.05,19809.05,1147,160,0
2025-03-28 09:15:00+03:00,19809.15,19819.25,19807.05,19812.55,992,170,0
2025-03-28 09:30:00+03:00,19812.25,19813.75,19793.95,19793.95,1207,170,0
2025-03-28 09:45:00+03:00,19794.05,19794.45,19732.15,19734.05,1831,160,0
2025-03-28 10:00:00+03:00,19733.85,19749.75,19722.75,19738.25,2475,210,0
2025-03-28 10:15:00+03:00,19738.35,19755.75,19733.25,19740.35,1943,190,0
2025-03-28 10:30:00+03:00,19740.65,19740.65,19702.05,19704.35,2352,210,0
2025-03-28 10:45:00+03:00,19708.25,19712.55,19656.35,19668.65,3016,210,0
2025-03-28 11:00:00+03:00,19668.35,19709.85,19666.25,19689.25,3761,210,0
2025-03-28 11:15:00+03:00,19689.25,19702.25,19664.85,19678.25,3252,210,0
2025-03-28 11:30:00+03:00,19679.35,19704.05,19663.65,19702.85,3011,210,0
2025-03-28 11:45:00+03:00,19703.15,19721.85,19698.85,19715.25,2464,210,0
2025-03-28 12:00:00+03:00,19715.55,19732.35,19712.35,19731.15,2228,200,0
2025-03-28 12:15:00+03:00,19731.35,19732.55,19719.65,19730.15,1753,180,0
2025-03-28 12:30:00+03:00,19729.95,19739.35,19719.45,19733.25,1996,190,0
2025-03-28 12:45:00+03:00,19733.05,19733.65,19708.05,19719.55,2241,190,0
2025-03-28 13:00:00+03:00,19720.45,19761.65,19717.55,19753.55,2243,200,0
2025-03-28 13:15:00+03:00,19753.75,19766.15,19747.35,19760.15,2202,210,0
2025-03-28 13:30:00+03:00,19760.75,19778.95,19757.05,19773.05,2038,200,0
2025-03-28 13:45:00+03:00,19773.45,19779.75,19751.15,19762.15,2177,200,0
2025-03-28 14:00:00+03:00,19762.05,19769.25,19731.95,19733.05,2256,190,0
2025-03-28 14:15:00+03:00,19732.85,19761.95,19732.65,19741.25,2043,200,0
2025-03-28 14:30:00+03:00,19735.75,19750.65,19719.35,19747.05,2534,210,0
2025-03-28 14:45:00+03:00,19747.25,19759.15,19736.05,19759.15,2300,200,0
2025-03-28 15:00:00+03:00,19758.95,19765.65,19737.15,19740.65,2513,200,0
2025-03-28 15:15:00+03:00,19741.15,19760.55,19737.15,19743.92,2707,210,0
2025-03-28 15:30:00+03:00,19743.62,19746.27,19674.25,19692.55,4033,210,0
2025-03-28 15:45:00+03:00,19692.15,19708.05,19675.35,19675.35,3400,210,0
2025-03-28 16:00:00+03:00,19675.75,19750.85,19663.15,19750.15,3869,210,0
2025-03-28 16:15:00+03:00,19750.15,19776.25,19712.35,19724.85,4020,210,0
2025-03-28 16:30:00+03:00,19724.85,19753.05,19652.05,19693.45,4731,120,0
2025-03-28 16:45:00+03:00,19693.55,19733.85,19656.05,19667.85,4568,120,0
2025-03-28 17:00:00+03:00,19648.25,19690.25,19516.35,19530.05,4698,120,0
2025-03-28 17:15:00+03:00,19529.45,19533.75,19444.75,19450.35,4575,120,0
2025-03-28 17:30:00+03:00,19450.35,19472.35,19399.55,19458.05,4607,120,0
2025-03-28 17:45:00+03:00,19457.85,19457.95,19392.25,19417.05,4512,120,0
2025-03-28 18:00:00+03:00,19416.45,19431.55,19367.45,19420.25,4571,120,0
2025-03-28 18:15:00+03:00,19420.25,19432.55,19370.55,19413.45,4402,120,0
2025-03-28 18:30:00+03:00,19411.95,19443.75,19393.75,19415.45,4296,120,0
2025-03-28 18:45:00+03:00,19414.05,19423.05,19354.75,19354.85,4041,110,0
2025-03-28 19:00:00+03:00,19354.05,19393.75,19353.75,19363.05,4031,120,0
2025-03-28 19:15:00+03:00,19363.25,19365.75,19297.75,19313.45,4151,110,0
2025-03-28 19:30:00+03:00,19313.35,19342.95,19312.45,19318.25,4066,110,0
2025-03-28 19:45:00+03:00,19317.25,19344.05,19301.85,19304.15,3856,100,0
2025-03-28 20:00:00+03:00,19303.35,19304.85,19265.95,19272.35,3993,100,0
2025-03-28 20:15:00+03:00,19271.95,19309.95,19252.05,19264.75,4070,90,0
2025-03-28 20:30:00+03:00,19265.25,19285.25,19252.25,19268.95,4029,110,0
2025-03-28 20:45:00+03:00,19267.95,19296.75,19260.05,19295.05,3952,110,0
2025-03-28 21:00:00+03:00,19295.05,19330.25,19282.95,19303.25,3997,110,0
2025-03-28 21:15:00+03:00,19302.45,19315.45,19275.25,19286.25,3994,110,0
2025-03-28 21:30:00+03:00,19286.05,19305.25,19269.25,19273.65,3706,80,0
2025-03-28 21:45:00+03:00,19273.85,19294.05,19257.15,19293.85,3647,90,0
2025-03-28 22:00:00+03:00,19294.05,19315.05,19279.05,19291.25,3744,100,0
2025-03-28 22:15:00+03:00,19291.25,19297.05,19267.35,19271.15,3781,100,0
2025-03-28 22:30:00+03:00,19271.05,19276.85,19233.95,19247.25,4084,100,0
2025-03-28 22:45:00+03:00,19247.55,19293.25,19235.85,19272.75,4243,110,0
2025-03-28 23:00:00+03:00,19273.05,19273.25,19222.19,19223.69,3310,120,0
2025-03-28 23:15:00+03:00,19223.29,19225.49,19195.19,19200.99,2471,212,0
2025-03-28 23:30:00+03:00,19201.09,19208.59,19194.09,19201.59,1810,192,0
2025-03-28 23:45:00+03:00,19201.19,19206.29,19196.69,19197.69,479,202,0
2025-03-31 01:00:00+03:00,19116.25,19127.15,19103.85,19110.85,1571,210,0
2025-03-31 01:15:00+03:00,19110.65,19128.55,19107.65,19116.65,2100,210,0
2025-03-31 01:30:00+03:00,19116.65,19139.85,19107.75,19135.15,1813,200,0
2025-03-31 01:45:00+03:00,19135.25,19137.25,19119.75,19130.15,1453,180,0
2025-03-31 02:00:00+03:00,19130.15,19130.85,19103.25,19103.25,1601,200,0
2025-03-31 02:15:00+03:00,19103.15,19111.65,19041.05,19047.05,2560,210,0
2025-03-31 02:30:00+03:00,19047.65,19089.35,19035.55,19076.75,3018,210,0
2025-03-31 02:45:00+03:00,19074.75,19083.65,19055.75,19075.75,2517,210,0
2025-03-31 03:00:00+03:00,19074.85,19078.15,19004.65,19013.25,3791,210,0
2025-03-31 03:15:00+03:00,19013.15,19014.35,18977.75,19003.35,3515,210,0
2025-03-31 03:30:00+03:00,19003.35,19015.05,18981.65,19005.35,3039,210,0
2025-03-31 03:45:00+03:00,19005.25,19029.75,19001.35,19029.55,2842,210,0
2025-03-31 04:00:00+03:00,19029.75,19060.15,19029.05,19055.35,3207,210,0
2025-03-31 04:15:00+03:00,19055.25,19088.75,19049.75,19084.85,2946,210,0
2025-03-31 04:30:00+03:00,19085.35,19087.85,19050.05,19055.55,2937,210,0
2025-03-31 04:45:00+03:00,19056.05,19072.35,19051.15,19059.55,2334,210,0
2025-03-31 05:00:00+03:00,19059.25,19059.25,19027.05,19049.55,2547,200,0
2025-03-31 05:15:00+03:00,19049.55,19071.55,19047.65,19051.35,2417,190,0
2025-03-31 05:30:00+03:00,19051.05,19052.55,19040.85,19049.35,1955,190,0
2025-03-31 05:45:00+03:00,19049.25,19052.75,19036.85,19044.45,1508,180,0
2025-03-31 06:00:00+03:00,19044.55,19049.95,19008.15,19008.15,2051,180,0
2025-03-31 06:15:00+03:00,19008.35,19024.35,18997.35,19022.85,2095,200,0
2025-03-31 06:30:00+03:00,19022.45,19023.95,19001.15,19011.35,1919,190,0
2025-03-31 06:45:00+03:00,19011.35,19018.45,19005.05,19018.45,1577,190,0
2025-03-31 07:00:00+03:00,19017.65,19019.15,19004.55,19010.65,1655,190,0
2025-03-31 07:15:00+03:00,19010.55,19021.95,18999.75,19021.05,1595,190,0
2025-03-31 07:30:00+03:00,19020.85,19054.55,19017.75,19045.25,1845,190,0
2025-03-31 07:45:00+03:00,19046.05,19048.25,19038.15,19046.25,1309,170,0
2025-03-31 08:00:00+03:00,19046.45,19068.25,19037.25,19061.75,2023,180,0
2025-03-31 08:15:00+03:00,19061.75,19077.05,19055.75,19060.25,1835,210,0
2025-03-31 08:30:00+03:00,19060.25,19062.65,19041.05,19048.15,1797,200,0
2025-03-31 08:45:00+03:00,19047.85,19061.55,19046.65,19055.75,1469,190,0
2025-03-31 09:00:00+03:00,19055.45,19063.05,19021.55,19033.15,2779,190,0
2025-03-31 09:15:00+03:00,19033.25,19057.05,19027.85,19028.55,2484,210,0
2025-03-31 09:30:00+03:00,19030.05,19033.65,19019.05,19028.25,2338,210,0
2025-03-31 09:45:00+03:00,19028.35,19040.15,19011.25,19037.05,2335,210,0
2025-03-31 10:00:00+03:00,19034.85,19056.25,19016.25,19028.25,3896,210,0
2025-03-31 10:15:00+03:00,19028.05,19067.15,19025.35,19063.15,3717,210,0
2025-03-31 10:30:00+03:00,19063.75,19073.65,19028.35,19068.35,3353,210,0
2025-03-31 10:45:00+03:00,19068.85,19082.65,19061.75,19078.15,2887,210,0
2025-03-31 11:00:00+03:00,19078.05,19089.25,19044.65,19081.35,3815,210,0
2025-03-31 11:15:00+03:00,19080.35,19088.35,19034.55,19046.75,3044,210,0
2025-03-31 11:30:00+03:00,19047.35,19055.55,19033.05,19035.35,2756,210,0
2025-03-31 11:45:00+03:00,19036.05,19041.65,19020.25,19021.65,2446,210,0
2025-03-31 12:00:00+03:00,19020.25,19020.25,18981.15,18989.25,3077,210,0
2025-03-31 12:15:00+03:00,18989.35,19044.65,18989.25,19037.85,2789,210,0
2025-03-31 12:30:00+03:00,19037.35,19050.55,19008.05,19009.05,2499,210,0
2025-03-31 12:45:00+03:00,19008.05,19025.05,18999.55,19013.25,2624,210,0
2025-03-31 13:00:00+03:00,19013.25,19026.05,18999.75,19020.05,2629,210,0
2025-03-31 13:15:00+03:00,19019.85,19025.35,19000.85,19021.15,2539,210,0
2025-03-31 13:30:00+03:00,19020.65,19036.75,19017.35,19028.05,2189,210,0
2025-03-31 13:45:00+03:00,19028.15,19048.25,19024.25,19032.75,2494,210,0
2025-03-31 14:00:00+03:00,19032.75,19046.05,18983.65,18993.65,3099,210,0
2025-03-31 14:15:00+03:00,18993.65,19011.55,18954.05,18959.85,3144,210,0
2025-03-31 14:30:00+03:00,18961.75,18980.05,18936.25,18966.25,3295,210,0
2025-03-31 14:45:00+03:00,18967.05,18995.25,18963.75,18988.65,2849,210,0
2025-03-31 15:00:00+03:00,18988.55,19001.55,18971.75,18978.75,2981,210,0
2025-03-31 15:15:00+03:00,18978.85,19010.75,18966.25,18998.05,2989,210,0
2025-03-31 15:30:00+03:00,18997.75,19037.35,18991.25,19036.55,3122,210,0
2025-03-31 15:45:00+03:00,19036.65,19039.65,19026.25,19038.05,2968,210,0
2025-03-31 16:00:00+03:00,19038.15,19053.75,19023.05,19026.35,3296,210,0
2025-03-31 16:15:00+03:00,19026.75,19029.35,18978.55,18985.35,3438,210,0
2025-03-31 16:30:00+03:00,18981.65,19009.25,18821.95,18823.45,4826,120,0
2025-03-31 16:45:00+03:00,18821.35,18943.95,18795.55,18906.85,4806,120,0
2025-03-31 17:00:00+03:00,18907.45,18985.45,18901.25,18973.55,4635,120,0
2025-03-31 17:15:00+03:00,18971.45,18980.45,18873.95,18876.75,4600,120,0
2025-03-31 17:30:00+03:00,18878.75,18982.45,18878.75,18923.05,4645,120,0
2025-03-31 17:45:00+03:00,18922.55,18979.55,18922.35,18956.85,4611,120,0
2025-03-31 18:00:00+03:00,18958.75,19003.55,18937.35,18938.75,4557,120,0
2025-03-31 18:15:00+03:00,18938.25,19050.55,18931.95,19004.85,4520,120,0
2025-03-31 18:30:00+03:00,19004.75,19066.05,18981.75,19040.95,4495,120,0
2025-03-31 18:45:00+03:00,19040.55,19077.55,19031.05,19038.35,4358,120,0
2025-03-31 19:00:00+03:00,19041.45,19068.45,18992.55,19013.35,4343,120,0
2025-03-31 19:15:00+03:00,19012.95,19103.85,19002.05,19102.85,4264,120,0
2025-03-31 19:30:00+03:00,19103.05,19103.05,19065.85,19071.85,4125,120,0
2025-03-31 19:45:00+03:00,19072.05,19088.85,19028.65,19035.85,4254,120,0
2025-03-31 20:00:00+03:00,19033.85,19124.85,19028.65,19109.35,4143,120,0
2025-03-31 20:15:00+03:00,19109.75,19111.75,19035.85,19063.65,4331,120,0
2025-03-31 20:30:00+03:00,19064.05,19088.35,19038.05,19040.65,4188,120,0
2025-03-31 20:45:00+03:00,19041.75,19085.05,19026.65,19041.65,4177,120,0
2025-03-31 21:00:00+03:00,19042.25,19185.05,19038.65,19152.85,4390,120,0
2025-03-31 21:15:00+03:00,19151.65,19190.35,19135.75,19189.55,4333,120,0
2025-03-31 21:30:00+03:00,19189.15,19229.65,19177.35,19206.65,4311,120,0
2025-03-31 21:45:00+03:00,19207.75,19234.25,19164.55,19167.55,4292,120,0
2025-03-31 22:00:00+03:00,19165.55,19255.25,19165.05,19236.25,4248,120,0
2025-03-31 22:15:00+03:00,19236.15,19254.65,19176.75,19183.65,4337,120,0
2025-03-31 22:30:00+03:00,19184.65,19299.15,19171.55,19254.65,4536,120,0
2025-03-31 22:45:00+03:00,19249.55,19308.25,19215.25,19267.15,4684,120,0
2025-03-31 23:00:00+03:00,19268.59,19270.79,19210.99,19241.49,3659,132,0
2025-03-31 23:15:00+03:00,19241.79,19250.59,19233.19,19235.29,1654,202,0
2025-03-31 23:30:00+03:00,19235.19,19243.39,19228.19,19242.09,1195,192,0
2025-03-31 23:45:00+03:00,19242.09,19242.49,19234.39,19239.79,397,192,0
2025-04-01 01:00:00+03:00,19219.05,19223.85,19158.45,19163.05,1925,200,0
2025-04-01 01:15:00+03:00,19163.25,19185.25,19147.45,19177.85,2147,210,0
2025-04-01 01:30:00+03:00,19177.85,19200.15,19177.75,19199.65,1520,190,0
2025-04-01 01:45:00+03:00,19199.55,19216.25,19192.85,19195.25,1502,200,0
2025-04-01 02:00:00+03:00,19195.65,19227.05,19184.45,19211.25,1909,200,0
2025-04-01 02:15:00+03:00,19211.25,19214.45,19177.05,19185.85,1667,210,0
2025-04-01 02:30:00+03:00,19185.75,19191.45,19169.45,19173.75,1673,200,0
2025-04-01 02:45:00+03:00,19173.75,19183.15,19160.35,19179.25,1831,200,0
2025-04-01 03:00:00+03:00,19179.45,19182.95,19154.25,19158.25,2761,210,0
2025-04-01 03:15:00+03:00,19159.25,19184.25,19158.95,19170.55,2181,210,0
2025-04-01 03:30:00+03:00,19170.35,19170.35,19133.25,19144.95,2175,210,0
2025-04-01 03:45:00+03:00,19144.95,19154.05,19114.05,19139.75,2227,210,0
2025-04-01 04:00:00+03:00,19139.55,19141.95,19104.75,19133.45,2584,210,0
2025-04-01 04:15:00+03:00,19133.35,19158.55,19131.75,19153.75,2115,200,0
2025-04-01 04:30:00+03:00,19153.85,19159.25,19126.05,19153.55,2307,210,0
2025-04-01 04:45:00+03:00,19153.85,19166.75,19153.55,19161.55,2145,190,0
2025-04-01 05:00:00+03:00,19162.15,19169.95,19155.85,19168.55,1966,190,0
2025-04-01 05:15:00+03:00,19168.75,19192.55,19167.45,19185.65,1917,190,0
2025-04-01 05:30:00+03:00,19185.65,19192.65,19183.45,19188.05,1356,170,0
2025-04-01 05:45:00+03:00,19187.95,19202.65,19185.15,19200.85,1305,180,0
2025-04-01 06:00:00+03:00,19201.05,19206.65,19194.65,19199.55,1273,170,0
2025-04-01 06:15:00+03:00,19199.65,19200.15,19188.85,19192.45,992,160,0
2025-04-01 06:30:00+03:00,19193.15,19194.35,19175.65,19179.95,1791,170,0
2025-04-01 06:45:00+03:00,19179.95,19188.95,19179.95,19181.55,1264,170,0
2025-04-01 07:00:00+03:00,19181.65,19181.75,19155.65,19176.15,1654,170,0
2025-04-01 07:15:00+03:00,19176.25,19184.95,19170.15,19172.45,1099,170,0
2025-04-01 07:30:00+03:00,19172.65,19181.55,19167.95,19171.05,1149,170,0
2025-04-01 07:45:00+03:00,19170.65,19188.05,19168.35,19186.25,1046,160,0
2025-04-01 08:00:00+03:00,19187.05,19210.35,19182.45,19210.35,1936,160,0
2025-04-01 08:15:00+03:00,19210.35,19220.25,19207.75,19216.15,1403,170,0
2025-04-01 08:30:00+03:00,19215.75,19218.45,19185.55,19187.15,1556,180,0
2025-04-01 08:45:00+03:00,19186.85,19192.15,19178.65,19180.25,1618,190,0
2025-04-01 09:00:00+03:00,19180.25,19198.45,19170.85,19187.25,2219,200,0
2025-04-01 09:15:00+03:00,19187.05,19209.85,19184.05,19206.55,1850,200,0
2025-04-01 09:30:00+03:00,19206.55,19213.05,19193.55,19213.05,1894,210,0
2025-04-01 09:45:00+03:00,19212.85,19256.45,19210.95,19250.85,2461,210,0
2025-04-01 10:00:00+03:00,19251.55,19299.35,19237.55,19274.35,3596,210,0
2025-04-01 10:15:00+03:00,19275.35,19276.35,19230.55,19235.95,3368,210,0
2025-04-01 10:30:00+03:00,19237.05,19244.55,19215.95,19218.35,3056,210,0
2025-04-01 10:45:00+03:00,19217.75,19229.55,19202.25,19215.35,2762,210,0
2025-04-01 11:00:00+03:00,19215.05,19231.45,19205.05,19228.25,3009,210,0
2025-04-01 11:15:00+03:00,19228.05,19272.75,19219.85,19267.45,2476,200,0
2025-04-01 11:30:00+03:00,19267.05,19287.95,19255.55,19284.25,2302,210,0
2025-04-01 11:45:00+03:00,19284.35,19293.25,19268.75,19289.35,2024,200,0
2025-04-01 12:00:00+03:00,19289.35,19307.75,19281.05,19282.95,2412,210,0
2025-04-01 12:15:00+03:00,19283.05,19308.35,19281.75,19300.05,2130,200,0
2025-04-01 12:30:00+03:00,19300.55,19327.05,19297.95,19322.35,1970,200,0
2025-04-01 12:45:00+03:00,19322.05,19331.35,19306.05,19307.85,1905,190,0
2025-04-01 13:00:00+03:00,19308.55,19311.85,19226.45,19242.95,3730,210,0
2025-04-01 13:15:00+03:00,19243.95,19256.05,19210.45,19212.75,3141,210,0
2025-04-01 13:30:00+03:00,19211.85,19227.35,19164.45,19206.45,3559,210,0
2025-04-01 13:45:00+03:00,19206.55,19237.55,19197.85,19225.85,2958,210,0
2025-04-01 14:00:00+03:00,19225.95,19227.85,19184.25,19185.75,3288,210,0
2025-04-01 14:15:00+03:00,19184.85,19199.55,19172.45,19181.45,3018,210,0
2025-04-01 14:30:00+03:00,19180.25,19192.05,19132.45,19165.85,3583,210,0
2025-04-01 14:45:00+03:00,19165.45,19181.75,19150.05,19174.45,3164,210,0
2025-04-01 15:00:00+03:00,19174.75,19200.35,19159.35,19189.75,3433,210,0
2025-04-01 15:15:00+03:00,19190.05,19209.95,19160.45,19178.85,3465,210,0
2025-04-01 15:30:00+03:00,19178.75,19200.25,19174.75,19185.45,3304,210,0
2025-04-01 15:45:00+03:00,19185.45,19214.55,19176.55,19202.55,3030,210,0
2025-04-01 16:00:00+03:00,19203.05,19229.95,19201.05,19221.95,3323,210,0
2025-04-01 16:15:00+03:00,19222.35,19231.95,19195.85,19200.95,3485,210,0
2025-04-01 16:30:00+03:00,19201.35,19253.05,19159.65,19221.25,4826,120,0
2025-04-01 16:45:00+03:00,19221.15,19281.75,19201.65,19203.22,4596,120,0
2025-04-01 17:00:00+03:00,19230.77,19242.77,19110.15,19120.25,4692,120,0
2025-04-01 17:15:00+03:00,19123.45,19182.05,19082.45,19154.65,4705,120,0
2025-04-01 17:30:00+03:00,19153.65,19284.95,19148.75,19263.25,4668,120,0
2025-04-01 17:45:00+03:00,19264.25,19341.55,19248.05,19337.95,4613,120,0
2025-04-01 18:00:00+03:00,19334.95,19408.05,19325.35,19404.85,4460,120,0
2025-04-01 18:15:00+03:00,19404.85,19426.35,19376.55,19387.55,4428,120,0
2025-04-01 18:30:00+03:00,19388.55,19399.85,19354.05,19396.15,4459,120,0
2025-04-01 18:45:00+03:00,19396.05,19428.05,19380.85,19414.05,4382,120,0
2025-04-01 19:00:00+03:00,19415.05,19444.35,19396.65,19433.35,4369,120,0
2025-04-01 19:15:00+03:00,19433.15,19465.35,19367.35,19376.65,4407,120,0
2025-04-01 19:30:00+03:00,19376.95,19391.35,19319.55,19326.35,4528,120,0
2025-04-01 19:45:00+03:00,19325.95,19416.35,19320.45,19386.05,4383,120,0
2025-04-01 20:00:00+03:00,19385.55,19404.35,19353.35,19387.55,4368,120,0
2025-04-01 20:15:00+03:00,19387.65,19393.05,19339.15,19346.85,4364,120,0
2025-04-01 20:30:00+03:00,19346.85,19391.55,19338.65,19349.05,4250,120,0
2025-04-01 20:45:00+03:00,19348.35,19384.05,19323.15,19327.65,4264,120,0
2025-04-01 21:00:00+03:00,19327.95,19336.05,19234.55,19263.95,4498,120,0
2025-04-01 21:15:00+03:00,19264.55,19267.15,19207.45,19224.15,4342,120,0
2025-04-01 21:30:00+03:00,19223.95,19254.95,19218.45,19254.65,4310,120,0
2025-04-01 21:45:00+03:00,19254.35,19275.55,19211.05,19270.55,4191,120,0
2025-04-01 22:00:00+03:00,19270.45,19299.15,19260.65,19288.15,4241,120,0
2025-04-01 22:15:00+03:00,19288.05,19323.55,19279.55,19297.85,4092,120,0
2025-04-01 22:30:00+03:00,19297.15,19376.65,19286.65,19370.35,4314,120,0
2025-04-01 22:45:00+03:00,19369.85,19448.15,19365.45,19425.45,4360,120,0
2025-04-01 23:00:00+03:00,19425.35,19440.09,19419.19,19430.59,3118,120,0
2025-04-01 23:15:00+03:00,19431.09,19433.49,19404.19,19407.19,1778,202,0
2025-04-01 23:30:00+03:00,19407.59,19409.49,19396.89,19405.49,1532,182,0
2025-04-01 23:45:00+03:00,19405.29,19449.79,19402.79,19417.39,1036,192,0
2025-04-02 01:00:00+03:00,19432.75,19514.45,19432.25,19475.25,1268,200,0
2025-04-02 01:15:00+03:00,19474.65,19503.45,19468.15,19491.05,1225,210,0
2025-04-02 01:30:00+03:00,19490.95,19495.75,19458.65,19476.45,1627,210,0
2025-04-02 01:45:00+03:00,19476.55,19480.25,19460.75,19466.55,1197,190,0
2025-04-02 02:00:00+03:00,19466.55,19470.15,19454.05,19464.75,1463,190,0
2025-04-02 02:15:00+03:00,19464.85,19482.95,19464.85,19480.75,1381,190,0
2025-04-02 02:30:00+03:00,19480.95,19488.75,19473.45,19478.05,1172,190,0
2025-04-02 02:45:00+03:00,19477.95,19481.25,19463.55,19466.25,1437,190,0
2025-04-02 03:00:00+03:00,19465.75,19468.75,19406.25,19416.45,2949,200,0
2025-04-02 03:15:00+03:00,19416.75,19435.05,19379.95,19395.75,2575,210,0
2025-04-02 03:30:00+03:00,19395.55,19414.25,19385.65,19410.55,2271,210,0
2025-04-02 03:45:00+03:00,19410.45,19415.25,19389.25,19394.55,2016,210,0
2025-04-02 04:00:00+03:00,19394.55,19405.15,19383.75,19402.75,2161,200,0
2025-04-02 04:15:00+03:00,19402.85,19411.05,19397.85,19400.45,1786,200,0
2025-04-02 04:30:00+03:00,19399.95,19414.95,19390.75,19408.55,2084,200,0
2025-04-02 04:45:00+03:00,19408.85,19425.05,19401.95,19416.55,1912,190,0
2025-04-02 05:00:00+03:00,19416.75,19421.15,19393.05,19393.75,2007,170,0
2025-04-02 05:15:00+03:00,19393.55,19417.05,19390.85,19413.75,1665,180,0
2025-04-02 05:30:00+03:00,19413.75,19416.75,19399.85,19400.75,1426,190,0
2025-04-02 05:45:00+03:00,19400.55,19407.55,19400.05,19402.75,1090,160,0
2025-04-02 06:00:00+03:00,19402.95,19411.55,19398.45,19398.65,995,160,0
2025-04-02 06:15:00+03:00,19398.85,19401.85,19393.75,19399.95,783,150,0
2025-04-02 06:30:00+03:00,19400.45,19404.05,19387.25,19387.65,1083,150,0
2025-04-02 06:45:00+03:00,19387.45,19395.65,19384.25,19391.05,955,150,0
2025-04-02 07:00:00+03:00,19390.95,19395.85,19388.15,19388.25,888,160,0
2025-04-02 07:15:00+03:00,19388.55,19396.25,19388.05,19392.55,727,150,0
2025-04-02 07:30:00+03:00,19393.55,19410.45,19390.05,19407.95,844,150,0
2025-04-02 07:45:00+03:00,19408.15,19413.85,19402.55,19413.15,857,150,0
2025-04-02 08:00:00+03:00,19412.95,19414.05,19396.35,19398.05,1178,160,0
2025-04-02 08:15:00+03:00,19397.55,19405.15,19390.05,19393.15,1202,160,0
2025-04-02 08:30:00+03:00,19394.25,19406.15,19394.15,19404.15,1102,160,0
2025-04-02 08:45:00+03:00,19404.35,19404.55,19371.85,19380.15,942,150,0
2025-04-02 09:00:00+03:00,19379.15,19389.95,19367.25,19384.25,1749,200,0
2025-04-02 09:15:00+03:00,19384.25,19412.15,19378.75,19398.65,1687,200,0
2025-04-02 09:30:00+03:00,19399.45,19406.35,19387.25,19405.95,1641,190,0
2025-04-02 09:45:00+03:00,19406.35,19406.45,19384.75,19386.25,1477,190,0
2025-04-02 10:00:00+03:00,19386.05,19407.45,19358.65,19369.45,3440,210,0
2025-04-02 10:15:00+03:00,19369.25,19384.05,19356.75,19369.25,2768,210,0
2025-04-02 10:30:00+03:00,19369.45,19373.45,19339.25,19342.25,3005,210,0
2025-04-02 10:45:00+03:00,19342.25,19360.45,19340.25,19357.55,2448,210,0
2025-04-02 11:00:00+03:00,19357.95,19357.95,19321.75,19339.45,2972,210,0
2025-04-02 11:15:00+03:00,19339.45,19371.45,19336.95,19367.25,2561,210,0
2025-04-02 11:30:00+03:00,19367.25,19387.55,19360.45,19372.05,2310,210,0
2025-04-02 11:45:00+03:00,19372.25,19374.05,19347.95,19352.15,2172,200,0
2025-04-02 12:00:00+03:00,19351.95,19376.95,19345.05,19360.65,2253,210,0
2025-04-02 12:15:00+03:00,19360.65,19362.55,19337.25,19342.75,2065,200,0
2025-04-02 12:30:00+03:00,19342.15,19366.65,19338.95,19364.05,1914,200,0
2025-04-02 12:45:00+03:00,19362.25,19362.25,19334.15,19338.55,1919,200,0
2025-04-02 13:00:00+03:00,19338.65,19346.05,19279.15,19319.55,3297,210,0
2025-04-02 13:15:00+03:00,19319.25,19335.45,19289.65,19309.55,2760,210,0
2025-04-02 13:30:00+03:00,19309.25,19314.55,19276.65,19285.45,2921,210,0
2025-04-02 13:45:00+03:00,19285.75,19309.15,19283.45,19293.55,2519,210,0
2025-04-02 14:00:00+03:00,19293.45,19305.05,19270.05,19288.05,2642,210,0
2025-04-02 14:15:00+03:00,19287.95,19300.55,19279.25,19282.05,2186,210,0
2025-04-02 14:30:00+03:00,19282.15,19294.65,19261.15,19272.15,2853,210,0
2025-04-02 14:45:00+03:00,19271.75,19286.55,19246.65,19251.15,2686,210,0
2025-04-02 15:00:00+03:00,19251.95,19253.25,19195.45,19218.97,3768,210,0
2025-04-02 15:15:00+03:00,19218.86,19234.37,19165.95,19167.15,3852,210,0
2025-04-02 15:30:00+03:00,19166.95,19201.65,19166.95,19196.65,3431,210,0
2025-04-02 15:45:00+03:00,19195.95,19217.55,19194.05,19210.65,3266,210,0
2025-04-02 16:00:00+03:00,19210.15,19210.65,19175.45,19177.95,3647,210,0
2025-04-02 16:15:00+03:00,19177.65,19190.15,19143.75,19152.25,3402,210,0
2025-04-02 16:30:00+03:00,19154.35,19357.35,19143.15,19353.85,4754,120,0
2025-04-02 16:45:00+03:00,19353.85,19404.75,19348.25,19356.15,4667,120,0
2025-04-02 17:00:00+03:00,19344.65,19444.35,19316.35,19355.15,4675,120,0
2025-04-02 17:15:00+03:00,19354.35,19429.65,19345.65,19423.35,4520,120,0
2025-04-02 17:30:00+03:00,19422.65,19452.25,19385.35,19408.95,4582,120,0
2025-04-02 17:45:00+03:00,19410.15,19463.75,19406.75,19457.15,4453,120,0
2025-04-02 18:00:00+03:00,19452.45,19459.45,19409.35,19409.35,4467,120,0
2025-04-02 18:15:00+03:00,19409.25,19538.35,19403.45,19519.35,4441,120,0
2025-04-02 18:30:00+03:00,19520.65,19537.25,19490.85,19492.75,4429,120,0
2025-04-02 18:45:00+03:00,19492.35,19511.45,19435.95,19493.35,4566,120,0
2025-04-02 19:00:00+03:00,19493.75,19551.75,19482.95,19545.45,4342,120,0
2025-04-02 19:15:00+03:00,19545.35,19592.45,19541.75,19592.45,4120,120,0
2025-04-02 19:30:00+03:00,19593.15,19606.45,19560.75,19597.95,4180,120,0
2025-04-02 19:45:00+03:00,19598.15,19653.15,19581.15,19638.35,4378,110,0
2025-04-02 20:00:00+03:00,19638.65,19714.25,19635.45,19693.85,4214,110,0
2025-04-02 20:15:00+03:00,19693.75,19697.25,19653.75,19657.25,4171,120,0
2025-04-02 20:30:00+03:00,19656.25,19660.65,19581.95,19599.65,4371,120,0
2025-04-02 20:45:00+03:00,19596.45,19597.45,19543.95,19569.45,4361,120,0
2025-04-02 21:00:00+03:00,19569.45,19585.65,19491.45,19514.35,4499,120,0
2025-04-02 21:15:00+03:00,19514.15,19523.65,19437.05,19437.55,4433,120,0
2025-04-02 21:30:00+03:00,19436.65,19538.95,19431.05,19519.65,4386,120,0
2025-04-02 21:45:00+03:00,19520.35,19524.95,19430.65,19432.15,4348,120,0
2025-04-02 22:00:00+03:00,19432.95,19507.55,19432.95,19465.35,4419,120,0
2025-04-02 22:15:00+03:00,19466.35,19523.45,19447.55,19518.35,4361,120,0
2025-04-02 22:30:00+03:00,19515.95,19591.85,19493.05,19578.15,4444,120,0
2025-04-02 22:45:00+03:00,19578.05,19617.55,19572.35,19572.45,4461,120,0
2025-04-02 23:00:00+03:00,19571.35,19800.99,19518.19,19772.09,4256,120,0
2025-04-02 23:15:00+03:00,19768.29,19867.09,19196.79,19211.09,4775,222,0
2025-04-02 23:30:00+03:00,19225.79,19258.99,18902.79,18973.09,3877,222,0
2025-04-02 23:45:00+03:00,18971.69,19047.19,18914.99,19034.49,1308,222,0
2025-04-03 01:00:00+03:00,18780.35,18797.55,18698.55,18738.65,1688,210,0
2025-04-03 01:15:00+03:00,18741.85,18749.05,18643.35,18734.55,3402,210,0
2025-04-03 01:30:00+03:00,18734.35,18793.85,18711.45,18730.85,2585,210,0
2025-04-03 01:45:00+03:00,18731.05,18805.85,18723.15,18772.85,2334,210,0
2025-04-03 02:00:00+03:00,18772.85,18772.85,18686.45,18745.15,2060,210,0
2025-04-03 02:15:00+03:00,18743.15,18745.35,18692.15,18742.35,1834,210,0
2025-04-03 02:30:00+03:00,18743.95,18746.45,18688.35,18695.35,1952,210,0
2025-04-03 02:45:00+03:00,18696.45,18718.45,18669.15,18701.65,2642,210,0
2025-04-03 03:00:00+03:00,18704.65,18788.15,18704.65,18771.55,2938,210,0
2025-04-03 03:15:00+03:00,18772.55,18851.45,18766.45,18832.05,3135,210,0
2025-04-03 03:30:00+03:00,18832.45,18891.15,18828.05,18846.65,3164,210,0
2025-04-03 03:45:00+03:00,18847.05,18874.05,18802.65,18818.45,2688,210,0
2025-04-03 04:00:00+03:00,18819.15,18886.15,18817.85,18876.65,2683,210,0
2025-04-03 04:15:00+03:00,18876.85,18904.15,18842.85,18877.15,2842,210,0
2025-04-03 04:30:00+03:00,18876.55,18881.65,18840.35,18878.85,2571,210,0
2025-04-03 04:45:00+03:00,18878.85,18947.85,18876.05,18902.45,2705,210,0
2025-04-03 05:00:00+03:00,18901.15,18941.35,18895.15,18918.35,2527,210,0
2025-04-03 05:15:00+03:00,18915.85,18942.35,18884.15,18937.95,2370,210,0
2025-04-03 05:30:00+03:00,18937.95,18939.35,18888.85,18904.15,1917,210,0
2025-04-03 05:45:00+03:00,18904.95,18957.55,18899.05,18955.65,1902,210,0
2025-04-03 06:00:00+03:00,18955.55,18962.65,18909.45,18912.85,1958,210,0
2025-04-03 06:15:00+03:00,18912.35,18936.85,18907.95,18924.65,1491,210,0
2025-04-03 06:30:00+03:00,18925.65,18944.45,18892.85,18900.05,1594,210,0
2025-04-03 06:45:00+03:00,18901.65,18927.45,18899.05,18927.45,1574,210,0
2025-04-03 07:00:00+03:00,18927.95,18971.15,18924.15,18955.65,1890,210,0
2025-04-03 07:15:00+03:00,18956.65,18963.35,18927.95,18929.15,1384,210,0
2025-04-03 07:30:00+03:00,18929.35,18959.45,18921.95,18948.05,1299,210,0
2025-04-03 07:45:00+03:00,18948.85,18961.15,18931.35,18945.35,1078,210,0
2025-04-03 08:00:00+03:00,18945.35,18965.35,18937.15,18951.45,1476,210,0
2025-04-03 08:15:00+03:00,18951.55,18952.35,18900.85,18904.55,1738,210,0
2025-04-03 08:30:00+03:00,18905.35,18919.65,18877.35,18909.55,1828,210,0
2025-04-03 08:45:00+03:00,18909.45,18926.85,18862.35,18865.15,2056,210,0
2025-04-03 09:00:00+03:00,18865.35,18904.15,18846.95,18890.15,2425,210,0
2025-04-03 09:15:00+03:00,18890.85,18920.15,18870.05,18906.95,2143,210,0
2025-04-03 09:30:00+03:00,18906.55,18916.45,18885.05,18904.95,1921,210,0
2025-04-03 09:45:00+03:00,18903.95,18922.15,18861.45,18867.95,2107,210,0
2025-04-03 10:00:00+03:00,18869.45,18921.15,18853.45,18864.55,3302,210,0
2025-04-03 10:15:00+03:00,18864.05,18948.35,18849.35,18918.35,3115,210,0
2025-04-03 10:30:00+03:00,18919.55,18926.85,18871.15,18900.65,2960,210,0
2025-04-03 10:45:00+03:00,18901.65,18928.45,18871.95,18919.55,2435,210,0
2025-04-03 11:00:00+03:00,18919.35,18956.15,18900.95,18942.95,2972,210,0
2025-04-03 11:15:00+03:00,18941.35,18970.55,18937.85,18963.15,2590,210,0
2025-04-03 11:30:00+03:00,18963.85,18994.45,18957.95,18963.05,2415,210,0
2025-04-03 11:45:00+03:00,18963.15,18985.15,18945.45,18976.65,2213,210,0
2025-04-03 12:00:00+03:00,18976.35,18999.35,18926.35,18926.45,2389,210,0
2025-04-03 12:15:00+03:00,18925.65,18940.85,18897.55,18900.45,2247,210,0
2025-04-03 12:30:00+03:00,18900.55,18933.95,18897.95,18917.85,1978,210,0
2025-04-03 12:45:00+03:00,18917.95,18918.05,18841.35,18856.85,2527,210,0
2025-04-03 13:00:00+03:00,18856.85,18869.95,18811.85,18814.45,2712,210,0
2025-04-03 13:15:00+03:00,18814.45,18847.45,18798.95,18813.05,2865,210,0
2025-04-03 13:30:00+03:00,18812.65,18846.95,18804.65,18841.65,2321,210,0
2025-04-03 13:45:00+03:00,18841.85,18849.65,18771.95,18815.15,3001,210,0
2025-04-03 14:00:00+03:00,18816.15,18859.65,18786.35,18852.35,2971,210,0
2025-04-03 14:15:00+03:00,18852.45,18855.35,18788.55,18813.45,2556,210,0
2025-04-03 14:30:00+03:00,18814.45,18822.15,18782.05,18821.95,2755,210,0
2025-04-03 14:45:00+03:00,18822.15,18830.65,18795.05,18811.55,2402,210,0
2025-04-03 15:00:00+03:00,18809.95,18883.65,18785.55,18866.95,3128,210,0
2025-04-03 15:15:00+03:00,18865.15,18865.35,18797.26,18799.27,2810,210,0
2025-04-03 15:30:00+03:00,18799.77,18813.65,18727.35,18741.15,3641,210,0
2025-04-03 15:45:00+03:00,18739.55,18739.65,18668.55,18674.55,4364,210,0
2025-04-03 16:00:00+03:00,18672.85,18720.45,18653.85,18705.05,4354,210,0
2025-04-03 16:15:00+03:00,18705.15,18755.45,18684.15,18747.35,4404,210,0
2025-04-03 16:30:00+03:00,18746.55,18896.85,18736.85,18815.25,4938,120,0
2025-04-03 16:45:00+03:00,18815.25,18870.55,18763.85,18812.57,4907,120,0
2025-04-03 17:00:00+03:00,18786.07,18826.06,18694.15,18728.75,4817,120,0
2025-04-03 17:15:00+03:00,18727.85,18777.15,18680.15,18746.65,4827,120,0
2025-04-03 17:30:00+03:00,18746.75,18770.55,18656.75,18677.85,4746,120,0
2025-04-03 17:45:00+03:00,18677.15,18681.85,18586.35,18591.05,4615,120,0
2025-04-03 18:00:00+03:00,18589.55,18650.25,18544.25,18621.25,4675,120,0
2025-04-03 18:15:00+03:00,18621.35,18691.85,18619.15,18644.65,4651,120,0
2025-04-03 18:30:00+03:00,18642.25,18757.75,18640.15,18733.75,4662,120,0
2025-04-03 18:45:00+03:00,18733.35,18752.35,18659.05,18708.85,4533,120,0
2025-04-03 19:00:00+03:00,18708.65,18780.35,18703.65,18769.85,4579,120,0
2025-04-03 19:15:00+03:00,18770.15,18806.65,18741.85,18794.15,4575,120,0
2025-04-03 19:30:00+03:00,18793.15,18810.35,18713.25,18739.55,4556,120,0
2025-04-03 19:45:00+03:00,18740.15,18761.05,18682.85,18698.55,4562,120,0
2025-04-03 20:00:00+03:00,18698.65,18741.85,18684.85,18708.15,4489,120,0
2025-04-03 20:15:00+03:00,18707.65,18716.35,18647.15,18667.05,4295,120,0
2025-04-03 20:30:00+03:00,18665.55,18719.35,18653.85,18714.15,4334,120,0
2025-04-03 20:45:00+03:00,18713.65,18723.15,18636.05,18637.35,4285,120,0
2025-04-03 21:00:00+03:00,18637.55,18662.55,18596.65,18599.05,4352,120,0
2025-04-03 21:15:00+03:00,18598.35,18623.65,18585.05,18608.25,4311,120,0
2025-04-03 21:30:00+03:00,18607.95,18674.25,18584.25,18667.75,4499,120,0
2025-04-03 21:45:00+03:00,18668.95,18691.05,18642.55,18679.75,4423,120,0
2025-04-03 22:00:00+03:00,18679.75,18690.55,18632.25,18648.55,4488,120,0
2025-04-03 22:15:00+03:00,18647.75,18650.25,18555.05,18562.05,4601,120,0
2025-04-03 22:30:00+03:00,18563.55,18595.65,18528.15,18590.55,4484,120,0
2025-04-03 22:45:00+03:00,18589.25,18595.75,18500.95,18521.55,4610,120,0
2025-04-03 23:00:00+03:00,18522.65,18543.69,18503.89,18526.99,3818,120,0
2025-04-03 23:15:00+03:00,18525.39,18525.79,18454.29,18455.29,2962,222,0
2025-04-03 23:30:00+03:00,18455.39,18499.49,18449.99,18476.69,2768,222,0
2025-04-03 23:45:00+03:00,18479.39,18483.49,18472.19,18472.89,805,222,0
2025-04-04 01:00:00+03:00,18529.25,18531.55,18487.25,18494.45,1012,210,0
2025-04-04 01:15:00+03:00,18493.95,18511.65,18437.15,18466.15,1961,210,0
2025-04-04 01:30:00+03:00,18466.05,18486.15,18461.75,18484.65,1119,210,0
2025-04-04 01:45:00+03:00,18482.15,18490.95,18469.25,18485.55,885,200,0
2025-04-04 02:00:00+03:00,18485.95,18493.95,18469.65,18480.55,1118,210,0
2025-04-04 02:15:00+03:00,18480.65,18505.05,18457.75,18502.65,1782,210,0
2025-04-04 02:30:00+03:00,18503.05,18517.05,18497.65,18507.95,1728,200,0
2025-04-04 02:45:00+03:00,18508.65,18528.15,18491.65,18496.05,2411,210,0
2025-04-04 03:00:00+03:00,18496.15,18555.05,18495.65,18531.25,3372,210,0
2025-04-04 03:15:00+03:00,18531.25,18545.75,18517.65,18539.75,2771,210,0
2025-04-04 03:30:00+03:00,18540.05,18541.45,18505.45,18510.65,2449,210,0
2025-04-04 03:45:00+03:00,18511.65,18516.55,18480.75,18515.55,2799,210,0
2025-04-04 04:00:00+03:00,18515.55,18527.65,18501.25,18507.25,2462,210,0
2025-04-04 04:15:00+03:00,18507.55,18541.65,18503.25,18514.55,2340,210,0
2025-04-04 04:30:00+03:00,18514.55,18520.45,18491.05,18499.45,2257,210,0
2025-04-04 04:45:00+03:00,18499.15,18514.55,18475.65,18481.55,2290,210,0
2025-04-04 05:00:00+03:00,18481.65,18520.75,18479.75,18518.65,2189,210,0
2025-04-04 05:15:00+03:00,18518.95,18521.55,18494.05,18502.05,2124,200,0
2025-04-04 05:30:00+03:00,18502.65,18517.05,18491.45,18501.75,1948,210,0
2025-04-04 05:45:00+03:00,18501.75,18505.95,18477.15,18477.25,1583,210,0
2025-04-04 06:00:00+03:00,18476.95,18479.45,18439.55,18452.95,2333,200,0
2025-04-04 06:15:00+03:00,18453.15,18457.15,18440.55,18448.55,1672,200,0
2025-04-04 06:30:00+03:00,18449.25,18451.05,18379.15,18389.45,2971,200,0
2025-04-04 06:45:00+03:00,18388.75,18409.95,18365.05,18403.55,2902,210,0
2025-04-04 07:00:00+03:00,18403.75,18415.45,18389.05,18404.55,2185,210,0
2025-04-04 07:15:00+03:00,18405.05,18405.65,18377.65,18397.05,2167,210,0
2025-04-04 07:30:00+03:00,18397.15,18401.05,18338.55,18345.75,2401,210,0
2025-04-04 07:45:00+03:00,18346.15,18353.65,18317.95,18326.25,2418,210,0
2025-04-04 08:00:00+03:00,18326.25,18360.75,18304.65,18346.95,2819,210,0
2025-04-04 08:15:00+03:00,18347.15,18428.25,18345.25,18427.75,2905,210,0
2025-04-04 08:30:00+03:00,18427.45,18469.15,18412.95,18466.55,3077,210,0
2025-04-04 08:45:00+03:00,18466.45,18485.55,18457.95,18483.95,2832,210,0
2025-04-04 09:00:00+03:00,18483.55,18517.15,18481.55,18486.45,3060,210,0
2025-04-04 09:15:00+03:00,18487.25,18507.25,18463.05,18498.25,2701,210,0
2025-04-04 09:30:00+03:00,18498.15,18498.65,18452.95,18464.75,2801,210,0
2025-04-04 09:45:00+03:00,18464.55,18476.05,18447.75,18448.05,2523,210,0
2025-04-04 10:00:00+03:00,18447.75,18488.95,18442.65,18480.15,4182,210,0
2025-04-04 10:15:00+03:00,18480.45,18491.15,18453.15,18471.75,4054,210,0
2025-04-04 10:30:00+03:00,18471.45,18482.65,18432.45,18448.25,4018,210,0
2025-04-04 10:45:00+03:00,18448.05,18473.45,18420.95,18427.45,3810,210,0
2025-04-04 11:00:00+03:00,18427.25,18453.55,18408.75,18425.45,4092,210,0
2025-04-04 11:15:00+03:00,18425.45,18499.65,18418.45,18474.05,3938,210,0
2025-04-04 11:30:00+03:00,18473.05,18476.15,18424.05,18442.75,3811,210,0
2025-04-04 11:45:00+03:00,18443.05,18467.25,18414.55,18429.55,3842,210,0
2025-04-04 12:00:00+03:00,18436.05,18439.65,18391.95,18411.95,3642,210,0
2025-04-04 12:15:00+03:00,18412.05,18436.55,18382.55,18382.55,3567,210,0
2025-04-04 12:30:00+03:00,18383.15,18433.15,18364.05,18412.15,3674,210,0
2025-04-04 12:45:00+03:00,18411.95,18433.25,18397.05,18414.25,3512,210,0
2025-04-04 13:00:00+03:00,18414.25,18442.55,18243.05,18265.05,4157,210,0
2025-04-04 13:15:00+03:00,18265.15,18274.55,17940.25,17946.55,4695,210,0
2025-04-04 13:30:00+03:00,17946.75,18099.65,17940.95,18000.55,4277,210,0
2025-04-04 13:45:00+03:00,17997.55,18025.15,17874.45,17927.45,4257,210,0
2025-04-04 14:00:00+03:00,17929.45,17999.75,17892.15,17911.25,4083,210,0
2025-04-04 14:15:00+03:00,17911.75,17938.55,17720.55,17742.55,4087,210,0
2025-04-04 14:30:00+03:00,17744.45,17884.65,17663.45,17770.25,4547,210,0
2025-04-04 14:45:00+03:00,17771.25,17988.75,17770.45,17969.95,4067,210,0
2025-04-04 15:00:00+03:00,17968.75,17993.25,17872.95,17978.65,4251,210,0
2025-04-04 15:15:00+03:00,17976.55,18031.75,17915.05,17988.76,3584,210,0
2025-04-04 15:30:00+03:00,17995.86,18079.17,17900.75,18041.55,4206,210,0
2025-04-04 15:45:00+03:00,18040.25,18074.45,17978.55,18051.55,4217,210,0
2025-04-04 16:00:00+03:00,18050.95,18114.45,18029.45,18031.95,4583,210,0
2025-04-04 16:15:00+03:00,18031.95,18047.55,17967.45,17992.95,4663,210,0
2025-04-04 16:30:00+03:00,17996.55,18089.25,17851.35,17870.65,5073,120,0
2025-04-04 16:45:00+03:00,17871.35,18078.75,17848.75,18037.15,5049,120,0
2025-04-04 17:00:00+03:00,18036.75,18040.75,17825.05,17848.05,4972,120,0
2025-04-04 17:15:00+03:00,17849.15,17914.35,17759.75,17763.65,4951,120,0
2025-04-04 17:30:00+03:00,17759.65,17814.25,17682.05,17692.75,4915,120,0
2025-04-04 17:45:00+03:00,17690.25,17756.85,17505.25,17710.15,5050,120,0
2025-04-04 18:00:00+03:00,17706.75,17977.85,17681.65,17941.85,5052,120,0
2025-04-04 18:15:00+03:00,17939.85,17995.65,17784.95,17792.45,5047,120,0
2025-04-04 18:30:00+03:00,17788.75,17851.35,17696.75,17777.75,5001,120,0
2025-04-04 18:45:00+03:00,17775.85,17869.65,17727.85,17732.95,4946,120,0
2025-04-04 19:00:00+03:00,17733.25,17829.45,17727.85,17790.45,4848,120,0
2025-04-04 19:15:00+03:00,17794.45,17808.65,17591.05,17618.05,4858,120,0
2025-04-04 19:30:00+03:00,17617.15,17697.75,17567.65,17608.55,4849,120,0
2025-04-04 19:45:00+03:00,17609.45,17647.25,17571.65,17605.05,4793,120,0
2025-04-04 20:00:00+03:00,17605.05,17662.65,17515.55,17527.45,4725,120,0
2025-04-04 20:15:00+03:00,17524.75,17604.15,17473.75,17571.95,4750,120,0
2025-04-04 20:30:00+03:00,17568.95,17682.25,17516.15,17636.95,4839,120,0
2025-04-04 20:45:00+03:00,17635.45,17721.45,17620.15,17718.95,4761,120,0
2025-04-04 21:00:00+03:00,17720.15,17766.15,17608.65,17612.15,4776,120,0
2025-04-04 21:15:00+03:00,17612.05,17613.55,17501.25,17514.75,4701,120,0
2025-04-04 21:30:00+03:00,17517.45,17536.65,17407.75,17418.95,4770,120,0
2025-04-04 21:45:00+03:00,17417.25,17531.75,17403.75,17478.45,4842,120,0
2025-04-04 22:00:00+03:00,17477.45,17597.55,17427.45,17577.65,4803,120,0
2025-04-04 22:15:00+03:00,17575.75,17637.55,17479.65,17602.95,4844,120,0
2025-04-04 22:30:00+03:00,17598.25,17724.55,17577.65,17659.95,4931,120,0
2025-04-04 22:45:00+03:00,17657.95,17688.15,17383.95,17390.15,4884,120,0
2025-04-04 23:00:00+03:00,17389.45,17423.19,17297.39,17377.19,4699,120,0
2025-04-04 23:15:00+03:00,17375.39,17375.89,17241.19,17272.69,4254,222,0
2025-04-04 23:30:00+03:00,17272.79,17369.29,17266.39,17369.29,3854,222,0
2025-04-04 23:45:00+03:00,17369.29,17382.89,17346.89,17351.19,1157,222,0
2025-04-07 01:00:00+03:00,16556.35,16704.45,16421.45,16565.45,2514,210,0
2025-04-07 01:15:00+03:00,16565.15,16656.65,16474.65,16562.55,2191,210,0
2025-04-07 01:30:00+03:00,16562.35,16596.65,16483.45,16526.55,2304,210,0
2025-04-07 01:45:00+03:00,16527.35,16550.65,16441.95,16528.05,2175,210,0
2025-04-07 02:00:00+03:00,16528.05,16549.85,16322.45,16449.65,2263,210,0
2025-04-07 02:15:00+03:00,16449.55,16529.35,16398.15,16516.15,1781,210,0
2025-04-07 02:30:00+03:00,16507.15,16650.95,16468.95,16592.95,2293,210,0
2025-04-07 02:45:00+03:00,16592.95,16613.65,16488.95,16581.55,1866,210,0
2025-04-07 03:00:00+03:00,16582.55,16629.35,16369.35,16456.55,3388,210,0
2025-04-07 03:15:00+03:00,16463.45,16596.65,16460.65,16596.55,3162,210,0
2025-04-07 03:30:00+03:00,16599.65,16633.45,16562.85,16580.45,3864,210,0
2025-04-07 03:45:00+03:00,16579.45,16630.95,16540.95,16628.35,3825,210,0
2025-04-07 04:00:00+03:00,16628.15,16707.35,16589.95,16694.05,4070,210,0
2025-04-07 04:15:00+03:00,16696.15,16813.95,16647.65,16771.35,3998,210,0
2025-04-07 04:30:00+03:00,16771.15,16803.55,16672.55,16707.85,3998,210,0
2025-04-07 04:45:00+03:00,16708.35,16870.65,16693.35,16842.95,4083,210,0
2025-04-07 05:00:00+03:00,16843.35,16884.45,16797.05,16848.05,3856,210,0
2025-04-07 05:15:00+03:00,16848.55,16858.85,16765.35,16788.65,3573,210,0
2025-04-07 05:30:00+03:00,16788.85,16823.85,16717.95,16738.35,3695,210,0
2025-04-07 05:45:00+03:00,16738.95,16807.05,16722.95,16755.15,3193,210,0
2025-04-07 06:00:00+03:00,16755.15,16760.05,16681.05,16681.85,3103,210,0
2025-04-07 06:15:00+03:00,16682.95,16723.35,16658.55,16699.05,3302,210,0
2025-04-07 06:30:00+03:00,16698.95,16701.95,16598.95,16658.05,3773,210,0
2025-04-07 06:45:00+03:00,16658.45,16694.15,16618.85,16670.85,3493,210,0
2025-04-07 07:00:00+03:00,16670.45,16719.45,16635.05,16647.45,3223,210,0
2025-04-07 07:15:00+03:00,16647.65,16655.95,16564.45,16578.35,3240,210,0
2025-04-07 07:30:00+03:00,16578.95,16599.55,16529.05,16540.05,2713,210,0
2025-04-07 07:45:00+03:00,16540.05,16632.05,16540.05,16595.95,2801,210,0
2025-04-07 08:00:00+03:00,16596.15,16679.65,16583.15,16666.15,3128,210,0
2025-04-07 08:15:00+03:00,16667.15,16772.45,16626.45,16635.95,3446,210,0
2025-04-07 08:30:00+03:00,16636.65,16661.15,16589.45,16604.45,2930,210,0
2025-04-07 08:45:00+03:00,16605.85,16645.05,16565.15,16619.95,3226,210,0
2025-04-07 09:00:00+03:00,16618.45,16676.05,16568.65,16594.15,3158,210,0
2025-04-07 09:15:00+03:00,16592.05,16601.45,16481.35,16495.55,2974,210,0
2025-04-07 09:30:00+03:00,16497.35,16527.85,16424.95,16434.65,3187,210,0
2025-04-07 09:45:00+03:00,16434.55,16460.35,16368.95,16402.05,3182,210,0
2025-04-07 10:00:00+03:00,16402.05,16471.65,16341.15,16468.35,4308,210,0
2025-04-07 10:15:00+03:00,16468.35,16532.15,16403.05,16441.45,4037,210,0
2025-04-07 10:30:00+03:00,16438.55,16511.05,16405.55,16465.95,3938,210,0
2025-04-07 10:45:00+03:00,16465.35,16555.15,16447.65,16541.45,3886,210,0
2025-04-07 11:00:00+03:00,16541.35,16732.35,16530.15,16666.85,4478,210,0
2025-04-07 11:15:00+03:00,16668.45,16788.85,16668.05,16721.85,3945,210,0
2025-04-07 11:30:00+03:00,16723.05,16815.85,16669.65,16783.95,3711,210,0
2025-04-07 11:45:00+03:00,16784.45,16808.65,16701.15,16703.05,3107,210,0
2025-04-07 12:00:00+03:00,16702.95,16748.05,16655.45,16685.45,3400,210,0
2025-04-07 12:15:00+03:00,16683.65,16691.95,16608.55,16680.65,3315,210,0
2025-04-07 12:30:00+03:00,16673.95,16776.85,16663.15,16763.35,3397,210,0
2025-04-07 12:45:00+03:00,16762.95,16812.65,16733.05,16749.35,3234,210,0
2025-04-07 13:00:00+03:00,16748.15,16961.45,16716.05,16932.15,3953,210,0
2025-04-07 13:15:00+03:00,16931.05,17027.05,16907.55,16955.55,3780,210,0
2025-04-07 13:30:00+03:00,16953.45,17134.65,16907.15,17117.15,3824,210,0
2025-04-07 13:45:00+03:00,17118.05,17136.55,16938.05,16982.45,4029,210,0
2025-04-07 14:00:00+03:00,16981.65,17090.85,16940.95,17031.15,3948,210,0
2025-04-07 14:15:00+03:00,17030.15,17054.55,16967.65,17015.55,3732,210,0
2025-04-07 14:30:00+03:00,17020.15,17030.15,16871.85,16907.05,4272,210,0
2025-04-07 14:45:00+03:00,16907.45,16951.85,16863.35,16921.85,4021,210,0
2025-04-07 15:00:00+03:00,16922.45,17005.05,16826.15,16877.65,4333,210,0
2025-04-07 15:15:00+03:00,16875.55,17060.85,16821.85,17038.55,4396,210,0
2025-04-07 15:30:00+03:00,17034.15,17090.55,16935.45,16950.05,4634,210,0
2025-04-07 15:45:00+03:00,16949.45,17078.65,16849.35,17026.35,4569,210,0
2025-04-07 16:00:00+03:00,17025.15,17025.15,16897.95,16944.65,4435,210,0
2025-04-07 16:15:00+03:00,16943.15,16943.45,16772.95,16786.35,4305,210,0
2025-04-07 16:30:00+03:00,16789.95,16839.35,16535.65,16616.25,5088,120,0
2025-04-07 16:45:00+03:00,16615.65,17155.35,16563.05,17134.65,5096,120,0
2025-04-07 17:00:00+03:00,17126.35,17980.99,17026.25,17819.79,5075,120,0
2025-04-07 17:15:00+03:00,17816.29,18216.99,17201.49,17227.09,4986,132,0
2025-04-07 17:30:00+03:00,17226.19,17548.99,17025.19,17307.59,5123,132,0
2025-04-07 17:45:00+03:00,17305.49,17628.19,17161.99,17516.29,5123,132,0
2025-04-07 18:00:00+03:00,17525.49,17657.59,17099.59,17147.59,5098,132,0
2025-04-07 18:15:00+03:00,17148.09,17297.49,17015.19,17056.29,4877,132,0
2025-04-07 18:30:00+03:00,17059.19,17425.69,17059.19,17399.99,5065,132,0
2025-04-07 18:45:00+03:00,17397.99,17418.99,17249.69,17250.29,4939,132,0
2025-04-07 19:00:00+03:00,17247.09,17252.19,17082.19,17160.19,4843,132,0
2025-04-07 19:15:00+03:00,17159.69,17302.09,17089.69,17264.19,4842,132,0
2025-04-07 19:30:00+03:00,17264.19,17356.49,17167.99,17205.19,4788,132,0
2025-04-07 19:45:00+03:00,17193.59,17203.69,17076.09,17114.09,4712,132,0
2025-04-07 20:00:00+03:00,17113.59,17412.49,17108.09,17344.49,4839,132,0
2025-04-07 20:15:00+03:00,17343.79,17507.59,17303.19,17497.79,4863,132,0
2025-04-07 20:30:00+03:00,17495.99,17565.79,17374.09,17558.19,4784,132,0
2025-04-07 20:45:00+03:00,17557.59,17652.29,17465.29,17639.99,4799,132,0
2025-04-07 21:00:00+03:00,17641.69,17668.79,17475.59,17518.59,4942,132,0
2025-04-07 21:15:00+03:00,17517.09,17679.69,17445.99,17460.79,4887,132,0
2025-04-07 21:30:00+03:00,17463.19,17618.19,17457.69,17537.59,4861,132,0
2025-04-07 21:45:00+03:00,17536.79,17585.69,17359.69,17391.19,4786,132,0
2025-04-07 22:00:00+03:00,17391.19,17507.49,17301.19,17327.09,4944,132,0
2025-04-07 22:15:00+03:00,17325.19,17436.29,17266.19,17293.29,5013,132,0
2025-04-07 22:30:00+03:00,17294.49,17521.59,17292.79,17322.59,4942,132,0
2025-04-07 22:45:00+03:00,17320.79,17448.09,17284.99,17416.19,4993,132,0
2025-04-07 23:00:00+03:00,17421.49,17596.29,17403.79,17546.99,4679,132,0
2025-04-07 23:15:00+03:00,17546.99,17616.79,17500.59,17518.99,3341,222,0
2025-04-07 23:30:00+03:00,17519.59,17543.59,17501.59,17532.49,2144,222,0
2025-04-07 23:45:00+03:00,17531.29,17532.49,17487.59,17491.99,695,222,0
2025-04-08 01:00:00+03:00,17526.25,17574.65,17526.25,17567.35,930,210,0
2025-04-08 01:15:00+03:00,17567.65,17591.75,17546.15,17590.65,1183,210,0
2025-04-08 01:30:00+03:00,17590.35,17597.65,17561.05,17582.55,1158,210,0
2025-04-08 01:45:00+03:00,17582.15,17613.75,17567.15,17611.45,936,200,0
2025-04-08 02:00:00+03:00,17611.39,17639.09,17605.59,17638.99,1318,212,0
2025-04-08 02:15:00+03:00,17640.19,17644.79,17604.29,17627.99,1407,222,0
2025-04-08 02:30:00+03:00,17625.69,17634.69,17588.59,17600.29,1314,222,0
2025-04-08 02:45:00+03:00,17600.59,17636.69,17591.99,17627.49,1942,222,0
2025-04-08 03:00:00+03:00,17622.59,17708.59,17575.59,17702.99,2861,222,0
2025-04-08 03:15:00+03:00,17702.79,17717.69,17666.99,17680.19,3287,222,0
2025-04-08 03:30:00+03:00,17680.49,17699.69,17652.59,17668.49,2998,222,0
2025-04-08 03:45:00+03:00,17668.29,17689.09,17566.59,17575.49,3296,222,0
2025-04-08 04:00:00+03:00,17572.69,17630.69,17525.59,17601.69,3935,222,0
2025-04-08 04:15:00+03:00,17601.49,17617.79,17547.69,17597.79,3627,222,0
2025-04-08 04:30:00+03:00,17593.29,17727.59,17577.49,17718.69,3646,222,0
2025-04-08 04:45:00+03:00,17718.79,17746.29,17698.29,17729.49,2638,222,0
2025-04-08 05:00:00+03:00,17728.59,17736.09,17682.49,17717.19,2549,222,0
2025-04-08 05:15:00+03:00,17716.99,17720.69,17696.99,17712.69,1854,222,0
2025-04-08 05:30:00+03:00,17712.59,17718.49,17678.19,17690.29,1989,222,0
2025-04-08 05:45:00+03:00,17691.99,17695.79,17670.69,17681.09,1735,222,0
2025-04-08 06:00:00+03:00,17679.19,17697.19,17666.49,17674.79,1914,222,0
2025-04-08 06:15:00+03:00,17674.09,17675.29,17639.49,17665.69,2003,222,0
2025-04-08 06:30:00+03:00,17664.69,17670.09,17618.69,17622.99,1942,222,0
2025-04-08 06:45:00+03:00,17624.59,17635.79,17602.09,17633.79,1909,222,0
2025-04-08 07:00:00+03:00,17633.69,17649.79,17617.69,17647.09,1794,222,0
2025-04-08 07:15:00+03:00,17647.29,17658.29,17624.19,17635.09,1624,222,0
2025-04-08 07:30:00+03:00,17633.99,17638.69,17590.19,17598.29,1455,222,0
2025-04-08 07:45:00+03:00,17598.79,17644.29,17570.59,17643.09,1613,222,0
2025-04-08 08:00:00+03:00,17641.49,17646.19,17553.19,17559.79,1939,222,0
2025-04-08 08:15:00+03:00,17559.99,17580.99,17531.19,17555.29,1660,222,0
2025-04-08 08:30:00+03:00,17555.29,17630.49,17555.19,17589.29,1942,222,0
2025-04-08 08:45:00+03:00,17589.19,17622.69,17575.99,17614.19,1510,222,0
2025-04-08 09:00:00+03:00,17614.79,17633.49,17585.19,17596.49,2078,222,0
2025-04-08 09:15:00+03:00,17595.79,17602.79,17564.79,17586.59,1953,222,0
2025-04-08 09:30:00+03:00,17588.19,17636.49,17577.99,17635.79,1686,222,0
2025-04-08 09:45:00+03:00,17635.99,17663.69,17615.79,17645.19,2012,222,0
2025-04-08 10:00:00+03:00,17640.29,17676.65,17613.29,17676.65,3717,210,0
2025-04-08 10:15:00+03:00,17676.05,17736.15,17668.55,17725.35,3259,210,0
2025-04-08 10:30:00+03:00,17724.55,17724.55,17689.85,17714.25,3402,210,0
2025-04-08 10:45:00+03:00,17714.35,17744.05,17675.85,17741.65,2953,210,0
2025-04-08 11:00:00+03:00,17741.75,17753.05,17642.05,17646.25,3100,210,0
2025-04-08 11:15:00+03:00,17646.25,17665.05,17575.65,17601.55,3348,210,0
2025-04-08 11:30:00+03:00,17601.55,17679.25,17599.15,17674.55,3321,210,0
2025-04-08 11:45:00+03:00,17674.35,17695.65,17635.35,17687.35,2716,210,0
2025-04-08 12:00:00+03:00,17687.15,17691.85,17657.85,17688.75,2387,210,0
2025-04-08 12:15:00+03:00,17688.65,17688.65,17614.65,17625.65,2577,210,0
2025-04-08 12:30:00+03:00,17625.85,17667.55,17621.75,17657.15,2505,210,0
2025-04-08 12:45:00+03:00,17656.25,17657.35,17583.35,17585.25,2641,210,0
2025-04-08 13:00:00+03:00,17586.15,17621.65,17556.35,17582.55,2876,210,0
2025-04-08 13:15:00+03:00,17582.75,17615.25,17573.15,17607.15,2682,210,0
2025-04-08 13:30:00+03:00,17607.25,17681.35,17600.25,17659.15,3167,210,0
2025-04-08 13:45:00+03:00,17658.85,17663.05,17624.15,17646.25,3281,210,0
2025-04-08 14:00:00+03:00,17648.05,17688.75,17632.05,17639.15,3722,210,0
2025-04-08 14:15:00+03:00,17638.55,17716.55,17622.85,17686.65,3455,210,0
2025-04-08 14:30:00+03:00,17683.05,17818.05,17671.25,17806.25,3537,210,0
2025-04-08 14:45:00+03:00,17806.55,17883.35,17778.15,17877.85,3647,210,0
2025-04-08 15:00:00+03:00,17875.35,17923.35,17832.85,17882.05,4478,210,0
2025-04-08 15:15:00+03:00,17885.15,17899.25,17829.35,17865.85,4620,210,0
2025-04-08 15:30:00+03:00,17866.05,17881.85,17796.75,17815.55,4442,210,0
2025-04-08 15:45:00+03:00,17815.85,17859.05,17788.55,17846.35,4332,210,0
2025-04-08 16:00:00+03:00,17844.65,17965.85,17826.75,17956.35,4645,210,0
2025-04-08 16:15:00+03:00,17957.25,18025.85,17934.15,18010.55,4620,210,0
2025-04-08 16:30:00+03:00,18011.15,18062.55,17925.35,17995.35,5155,120,0
2025-04-08 16:45:00+03:00,17995.95,18127.25,17956.45,18109.75,5085,120,0
2025-04-08 17:00:00+03:00,18103.55,18190.85,18082.95,18157.25,4988,120,0
2025-04-08 17:15:00+03:00,18155.75,18218.05,18140.75,18143.85,4907,120,0
2025-04-08 17:30:00+03:00,18143.85,18193.05,18091.05,18096.25,4948,120,0
2025-04-08 17:45:00+03:00,18095.95,18130.85,17980.35,17982.05,4958,120,0
2025-04-08 18:00:00+03:00,17982.85,18043.95,17893.55,17915.35,4916,120,0
2025-04-08 18:15:00+03:00,17915.35,17960.05,17845.55,17845.55,4928,120,0
2025-04-08 18:30:00+03:00,17846.55,17997.35,17839.95,17954.95,4882,120,0
2025-04-08 18:45:00+03:00,17954.75,17979.75,17815.45,17916.05,4836,120,0
2025-04-08 19:00:00+03:00,17916.45,17936.05,17861.05,17861.95,4888,120,0
2025-04-08 19:15:00+03:00,17862.95,17872.35,17704.35,17782.85,4798,120,0
2025-04-08 19:30:00+03:00,17782.05,17808.25,17537.55,17579.35,5069,120,0
2025-04-08 19:45:00+03:00,17577.05,17691.05,17518.05,17524.05,5107,120,0
2025-04-08 20:00:00+03:00,17526.05,17592.75,17406.05,17460.35,5046,120,0
2025-04-08 20:15:00+03:00,17459.55,17538.05,17366.05,17373.75,5024,120,0
2025-04-08 20:30:00+03:00,17369.05,17622.75,17351.95,17564.55,5060,120,0
2025-04-08 20:45:00+03:00,17565.95,17571.75,17447.55,17531.45,5004,120,0
2025-04-08 21:00:00+03:00,17533.75,17543.95,17386.45,17408.55,4938,120,0
2025-04-08 21:15:00+03:00,17409.75,17510.05,17357.95,17369.75,4941,120,0
2025-04-08 21:30:00+03:00,17369.45,17561.85,17309.05,17312.25,4966,120,0
2025-04-08 21:45:00+03:00,17312.55,17404.35,17302.75,17304.35,4920,120,0
2025-04-08 22:00:00+03:00,17302.05,17324.45,17084.05,17087.55,4933,120,0
2025-04-08 22:15:00+03:00,17087.85,17176.35,16999.85,17132.75,5085,120,0
2025-04-08 22:30:00+03:00,17132.85,17132.85,16886.85,16889.35,5056,120,0
2025-04-08 22:45:00+03:00,16889.95,17121.45,16836.75,17097.35,5072,120,0
2025-04-08 23:00:00+03:00,17095.45,17188.59,17053.29,17097.99,4668,120,0
2025-04-08 23:15:00+03:00,17096.59,17119.29,17002.59,17040.69,4045,222,0
2025-04-08 23:30:00+03:00,17040.69,17079.79,17035.19,17054.49,3019,222,0
2025-04-08 23:45:00+03:00,17054.09,17090.59,17050.99,17090.59,1046,222,0
2025-04-09 01:00:00+03:00,16970.95,17002.25,16949.75,16970.15,1590,210,0
2025-04-09 01:15:00+03:00,16971.65,16974.75,16839.05,16907.55,2927,210,0
2025-04-09 01:30:00+03:00,16907.25,16929.05,16861.15,16911.45,2143,210,0
2025-04-09 01:45:00+03:00,16911.55,16948.95,16909.95,16934.65,1633,210,0
2025-04-09 02:00:00+03:00,16934.65,16934.65,16861.95,16862.25,1953,210,0
2025-04-09 02:15:00+03:00,16862.15,16866.15,16744.95,16753.45,2805,210,0
2025-04-09 02:30:00+03:00,16754.05,16814.05,16752.15,16758.65,2213,210,0
2025-04-09 02:45:00+03:00,16758.55,16864.45,16753.95,16860.25,2848,210,0
2025-04-09 03:00:00+03:00,16860.45,16865.15,16733.45,16753.05,2995,210,0
2025-04-09 03:15:00+03:00,16752.05,16780.55,16725.65,16740.45,2653,210,0
2025-04-09 03:30:00+03:00,16742.15,16794.15,16711.45,16783.25,2740,210,0
2025-04-09 03:45:00+03:00,16785.05,16788.15,16734.05,16765.55,2501,210,0
2025-04-09 04:00:00+03:00,16764.05,16805.65,16755.95,16796.65,2615,210,0
2025-04-09 04:15:00+03:00,16797.15,16850.15,16717.25,16754.25,3128,210,0
2025-04-09 04:30:00+03:00,16754.55,16859.05,16750.75,16848.75,2880,210,0
2025-04-09 04:45:00+03:00,16847.15,17013.75,16840.75,16983.55,3503,210,0
2025-04-09 05:00:00+03:00,16983.75,17065.75,16972.55,17023.45,3215,210,0
2025-04-09 05:15:00+03:00,17023.45,17063.75,16991.05,17015.75,2961,210,0
2025-04-09 05:30:00+03:00,17019.45,17060.05,16984.45,16986.05,2918,210,0
2025-04-09 05:45:00+03:00,16985.55,17000.05,16902.15,16919.65,2339,210,0
2025-04-09 06:00:00+03:00,16911.55,16960.05,16904.05,16926.45,2567,210,0
2025-04-09 06:15:00+03:00,16926.75,16950.45,16862.45,16871.65,2575,210,0
2025-04-09 06:30:00+03:00,16871.45,16907.45,16795.55,16803.65,2836,210,0
2025-04-09 06:45:00+03:00,16803.45,16840.95,16770.25,16796.25,2791,210,0
2025-04-09 07:00:00+03:00,16797.65,16882.65,16728.05,16794.25,3145,210,0
2025-04-09 07:15:00+03:00,16794.05,16817.25,16635.25,16647.15,2457,210,0
2025-04-09 07:30:00+03:00,16647.55,16733.45,16619.15,16700.95,3216,210,0
2025-04-09 07:45:00+03:00,16699.95,16788.05,16675.45,16689.55,3074,210,0
2025-04-09 08:00:00+03:00,16690.25,16747.65,16629.25,16702.55,3448,210,0
2025-04-09 08:15:00+03:00,16702.15,16754.75,16678.65,16710.65,2816,210,0
2025-04-09 08:30:00+03:00,16708.65,16725.15,16605.05,16672.45,2999,210,0
2025-04-09 08:45:00+03:00,16669.65,16762.05,16642.05,16761.95,2162,210,0
2025-04-09 09:00:00+03:00,16762.65,16969.05,16756.45,16969.05,2779,210,0
2025-04-09 09:15:00+03:00,16967.45,16986.95,16813.75,16816.05,2781,210,0
2025-04-09 09:30:00+03:00,16819.05,16881.75,16800.05,16871.95,2438,210,0
2025-04-09 09:45:00+03:00,16871.55,16909.05,16841.45,16889.25,2335,210,0
2025-04-09 10:00:00+03:00,16888.75,17262.45,16876.75,17184.05,4008,210,0
2025-04-09 10:15:00+03:00,17187.05,17220.65,17052.95,17122.75,3827,210,0
2025-04-09 10:30:00+03:00,17122.95,17287.95,17089.05,17269.25,3527,210,0
2025-04-09 10:45:00+03:00,17269.25,17291.45,17183.15,17211.65,3307,210,0
2025-04-09 11:00:00+03:00,17211.95,17284.25,17102.95,17131.15,3744,210,0
2025-04-09 11:15:00+03:00,17128.65,17213.45,17108.05,17110.15,2788,210,0
2025-04-09 11:30:00+03:00,17109.55,17166.55,16996.55,17145.15,3291,210,0
2025-04-09 11:45:00+03:00,17148.45,17239.05,17132.45,17218.25,2698,210,0
2025-04-09 12:00:00+03:00,17217.95,17265.45,17173.75,17236.25,2677,210,0
2025-04-09 12:15:00+03:00,17233.65,17247.15,17151.15,17193.55,2336,210,0
2025-04-09 12:30:00+03:00,17193.25,17211.95,17135.15,17157.95,2253,210,0
2025-04-09 12:45:00+03:00,17156.95,17158.75,17092.05,17138.15,2567,210,0
2025-04-09 13:00:00+03:00,17138.25,17165.55,17066.25,17135.05,3322,210,0
2025-04-09 13:15:00+03:00,17135.95,17143.05,17020.25,17073.55,3226,210,0
2025-04-09 13:30:00+03:00,17072.55,17123.75,16998.15,17107.25,3385,210,0
2025-04-09 13:45:00+03:00,17107.15,17239.45,17095.25,17112.75,3349,210,0
2025-04-09 14:00:00+03:00,17115.45,17115.45,16814.45,16953.05,4124,210,0
2025-04-09 14:15:00+03:00,16952.95,17038.45,16886.15,16946.65,3610,210,0
2025-04-09 14:30:00+03:00,16949.25,16956.65,16749.25,16778.95,3637,210,0
2025-04-09 14:45:00+03:00,16779.55,16960.95,16739.25,16824.65,3179,210,0
2025-04-09 15:00:00+03:00,16825.45,16878.95,16782.65,16855.15,3259,210,0
2025-04-09 15:15:00+03:00,16854.55,16869.75,16781.95,16820.15,2823,210,0
2025-04-09 15:30:00+03:00,16818.15,16904.15,16768.65,16902.55,3397,210,0
2025-04-09 15:45:00+03:00,16902.15,17084.25,16883.15,16996.65,3735,210,0
2025-04-09 16:00:00+03:00,16993.75,17170.45,16988.75,17071.95,4466,210,0
2025-04-09 16:15:00+03:00,17073.15,17136.45,17028.25,17074.55,3966,210,0
2025-04-09 16:30:00+03:00,17074.15,17418.25,17071.15,17235.95,5082,120,0
2025-04-09 16:45:00+03:00,17235.25,17377.95,17171.65,17316.65,5041,120,0
2025-04-09 17:00:00+03:00,17311.25,17462.35,17201.65,17232.25,5076,120,0
2025-04-09 17:15:00+03:00,17231.65,17370.45,17227.75,17312.45,5008,120,0
2025-04-09 17:30:00+03:00,17312.65,17420.15,17265.35,17281.35,4978,120,0
2025-04-09 17:45:00+03:00,17283.65,17353.75,17087.25,17092.45,4972,120,0
2025-04-09 18:00:00+03:00,17092.95,17263.35,17082.25,17217.15,4916,120,0
2025-04-09 18:15:00+03:00,17218.45,17328.45,17218.45,17265.65,4809,120,0
2025-04-09 18:30:00+03:00,17266.65,17309.65,17133.25,17147.35,4796,120,0
2025-04-09 18:45:00+03:00,17147.65,17303.35,17145.75,17188.15,4742,120,0
2025-04-09 19:00:00+03:00,17188.45,17358.25,17149.45,17343.75,4717,120,0
2025-04-09 19:15:00+03:00,17343.75,17372.95,17310.25,17324.75,4744,120,0
2025-04-09 19:30:00+03:00,17324.35,17386.45,17300.25,17352.75,4588,120,0
2025-04-09 19:45:00+03:00,17353.35,17446.85,17326.15,17398.35,4723,120,0
2025-04-09 20:00:00+03:00,17398.85,17573.95,17394.85,17465.75,4763,120,0
2025-04-09 20:15:00+03:00,17464.85,18652.35,17290.45,18257.95,3548,120,0
2025-04-09 20:30:00+03:00,18269.45,18763.85,18234.45,18380.65,5065,120,0
2025-04-09 20:45:00+03:00,18384.75,18759.25,18372.45,18743.35,5025,120,0
2025-04-09 21:00:00+03:00,18743.35,18870.25,18612.65,18735.19,5116,120,0
2025-04-09 21:15:00+03:00,18733.09,18977.69,18681.29,18912.39,5076,132,0
2025-04-09 21:30:00+03:00,18909.79,18974.29,18695.99,18705.09,5108,132,0
2025-04-09 21:45:00+03:00,18723.99,18835.59,18614.69,18627.09,5110,132,0
2025-04-09 22:00:00+03:00,18627.59,18887.69,18571.39,18879.49,5065,132,0
2025-04-09 22:15:00+03:00,18882.39,19054.99,18811.39,19003.89,4999,132,0
2025-04-09 22:30:00+03:00,19000.59,19118.59,18971.59,19039.89,5002,132,0
2025-04-09 22:45:00+03:00,19041.59,19234.59,18994.49,19120.39,5005,132,0
2025-04-09 23:00:00+03:00,19121.49,19215.89,19078.89,19092.89,4655,132,0
2025-04-09 23:15:00+03:00,19093.59,19176.89,19092.29,19149.39,3563,222,0
2025-04-09 23:30:00+03:00,19149.29,19170.29,19117.09,19162.49,3046,222,0
2025-04-09 23:45:00+03:00,19162.79,19177.29,19153.09,19176.49,863,222,0
2025-04-10 01:00:00+03:00,19099.75,19171.75,19099.75,19168.25,1417,210,0
2025-04-10 01:15:00+03:00,19168.05,19183.55,19143.85,19174.85,1577,210,0
2025-04-10 01:30:00+03:00,19174.25,19179.35,19153.55,19176.25,1119,210,0
2025-04-10 01:45:00+03:00,19175.75,19202.95,19155.85,19198.25,1175,210,0
2025-04-10 02:00:00+03:00,19196.35,19234.89,19163.39,19169.39,1712,210,0
2025-04-10 02:15:00+03:00,19170.69,19193.49,19163.49,19170.49,895,222,0
2025-04-10 02:30:00+03:00,19168.99,19193.99,19168.99,19177.79,882,222,0
2025-04-10 02:45:00+03:00,19177.89,19183.39,19140.89,19165.29,1866,222,0
2025-04-10 03:00:00+03:00,19159.99,19186.79,19112.39,19136.79,3106,222,0
2025-04-10 03:15:00+03:00,19136.49,19149.99,19086.19,19089.89,3500,222,0
2025-04-10 03:30:00+03:00,19089.49,19094.19,18995.39,19033.19,3723,222,0
2025-04-10 03:45:00+03:00,19032.69,19083.49,19005.69,19078.79,3590,222,0
2025-04-10 04:00:00+03:00,19078.19,19129.49,19027.39,19030.39,3641,222,0
2025-04-10 04:15:00+03:00,19028.99,19054.89,18972.69,18972.99,3688,222,0
2025-04-10 04:30:00+03:00,18975.19,19009.29,18967.39,18978.49,3544,222,0
2025-04-10 04:45:00+03:00,18978.29,19010.39,18974.99,18999.99,2870,222,0
2025-04-10 05:00:00+03:00,18998.99,19005.49,18972.99,19004.49,3103,222,0
2025-04-10 05:15:00+03:00,19003.79,19037.89,18993.19,19005.69,2793,222,0
2025-04-10 05:30:00+03:00,19005.99,19008.89,18974.69,18984.39,2463,222,0
2025-04-10 05:45:00+03:00,18984.49,18997.89,18955.99,18955.99,2167,222,0
2025-04-10 06:00:00+03:00,18955.89,18964.69,18909.69,18921.39,2797,222,0
2025-04-10 06:15:00+03:00,18921.29,18922.49,18855.39,18866.29,2972,222,0
2025-04-10 06:30:00+03:00,18866.49,18887.89,18822.69,18839.79,2879,222,0
2025-04-10 06:45:00+03:00,18840.79,18876.79,18838.89,18866.49,2361,222,0
2025-04-10 07:00:00+03:00,18866.69,18871.49,18830.39,18860.39,2522,222,0
2025-04-10 07:15:00+03:00,18860.19,18900.39,18858.79,18871.89,2097,222,0
2025-04-10 07:30:00+03:00,18873.19,18904.29,18863.99,18884.49,2301,222,0
2025-04-10 07:45:00+03:00,18884.89,18919.79,18877.39,18898.39,2208,222,0
2025-04-10 08:00:00+03:00,18898.39,18913.49,18873.99,18881.19,2498,222,0
2025-04-10 08:15:00+03:00,18881.49,18929.79,18869.89,18916.79,2253,222,0
2025-04-10 08:30:00+03:00,18917.19,18945.69,18899.49,18928.49,2392,222,0
2025-04-10 08:45:00+03:00,18928.29,19003.79,18928.19,19002.99,2785,222,0
2025-04-10 09:00:00+03:00,19005.89,19013.69,18950.99,18951.89,3192,222,0
2025-04-10 09:15:00+03:00,18951.39,18986.99,18932.69,18956.49,3148,222,0
2025-04-10 09:30:00+03:00,18961.19,18991.79,18949.29,18958.69,3010,222,0
2025-04-10 09:45:00+03:00,18958.99,18977.79,18915.79,18971.45,2881,210,0
2025-04-10 10:00:00+03:00,18971.75,19037.45,18952.85,18985.55,4175,210,0
2025-04-10 10:15:00+03:00,18983.95,18988.75,18883.45,18885.45,3868,210,0
2025-04-10 10:30:00+03:00,18885.25,18896.85,18717.75,18746.75,4439,210,0
2025-04-10 10:45:00+03:00,18746.85,18837.75,18741.05,18748.75,4096,210,0
2025-04-10 11:00:00+03:00,18764.45,18811.05,18749.55,18770.75,4134,210,0
2025-04-10 11:15:00+03:00,18769.25,18778.35,18694.25,18730.75,3779,210,0
2025-04-10 11:30:00+03:00,18732.05,18733.95,18558.55,18697.25,3999,210,0
2025-04-10 11:45:00+03:00,18697.35,18729.25,18616.85,18634.45,3649,210,0
2025-04-10 12:00:00+03:00,18634.35,18680.25,18602.95,18676.85,3685,210,0
2025-04-10 12:15:00+03:00,18676.85,18719.35,18648.85,18678.35,3503,210,0
2025-04-10 12:30:00+03:00,18678.25,18755.45,18677.25,18690.75,3424,210,0
2025-04-10 12:45:00+03:00,18690.55,18743.45,18674.05,18702.45,3302,210,0
2025-04-10 13:00:00+03:00,18703.25,18822.05,18698.95,18807.95,3443,210,0
2025-04-10 13:15:00+03:00,18808.05,18841.95,18768.85,18787.45,3470,210,0
2025-04-10 13:30:00+03:00,18787.45,18855.45,18770.55,18809.45,3494,210,0
2025-04-10 13:45:00+03:00,18809.45,18811.75,18722.85,18726.55,3101,210,0
2025-04-10 14:00:00+03:00,18728.75,18782.35,18719.25,18735.25,3119,210,0
2025-04-10 14:15:00+03:00,18735.35,18790.75,18722.35,18756.75,3112,210,0
2025-04-10 14:30:00+03:00,18757.95,18808.05,18732.85,18768.45,3229,210,0
2025-04-10 14:45:00+03:00,18768.45,18786.45,18758.95,18778.05,2766,210,0
2025-04-10 15:00:00+03:00,18778.05,18783.25,18669.55,18704.95,3915,210,0
2025-04-10 15:15:00+03:00,18704.85,18732.35,18657.75,18685.05,3950,210,0
2025-04-10 15:30:00+03:00,18685.05,18834.85,18608.05,18648.45,4672,210,0
2025-04-10 15:45:00+03:00,18648.45,18685.25,18586.05,18675.45,4472,210,0
2025-04-10 16:00:00+03:00,18675.45,18736.05,18658.85,18671.55,4519,210,0
2025-04-10 16:15:00+03:00,18671.85,18751.45,18627.75,18640.55,4496,210,0
2025-04-10 16:30:00+03:00,18638.45,18722.55,18532.95,18584.15,5084,120,0
2025-04-10 16:45:00+03:00,18581.65,18700.95,18512.65,18515.95,5053,120,0
2025-04-10 17:00:00+03:00,18513.65,18556.95,18421.05,18470.95,4970,120,0
2025-04-10 17:15:00+03:00,18471.75,18592.95,18443.75,18494.75,4961,120,0
2025-04-10 17:30:00+03:00,18501.75,18651.45,18499.05,18569.75,4902,120,0
2025-04-10 17:45:00+03:00,18573.55,18585.05,18426.15,18441.95,4868,120,0
2025-04-10 18:00:00+03:00,18436.55,18532.95,18422.45,18443.05,4770,120,0
2025-04-10 18:15:00+03:00,18442.05,18450.95,18322.45,18324.25,4731,120,0
2025-04-10 18:30:00+03:00,18323.55,18346.35,18244.35,18256.35,4824,120,0
2025-04-10 18:45:00+03:00,18256.85,18299.45,18114.25,18135.45,4901,120,0
2025-04-10 19:00:00+03:00,18135.35,18188.55,18016.45,18039.75,5003,120,0
2025-04-10 19:15:00+03:00,18038.25,18043.05,17776.95,17863.35,4984,120,0
2025-04-10 19:30:00+03:00,17866.25,18108.55,17850.95,18082.25,5070,120,0
2025-04-10 19:45:00+03:00,18081.35,18188.35,17990.95,18167.75,5007,120,0
2025-04-10 20:00:00+03:00,18167.05,18348.45,17944.05,17976.55,4695,120,0
2025-04-10 20:15:00+03:00,17972.35,18148.55,17894.25,18139.85,4962,120,0
2025-04-10 20:30:00+03:00,18137.35,18256.25,18104.35,18254.45,4950,120,0
2025-04-10 20:45:00+03:00,18250.55,18367.25,18200.05,18315.25,4980,120,0
2025-04-10 21:00:00+03:00,18314.85,18448.95,18175.35,18185.55,4962,120,0
2025-04-10 21:15:00+03:00,18184.35,18484.95,18157.75,18469.55,4939,120,0
2025-04-10 21:30:00+03:00,18470.95,18526.55,18365.95,18510.75,4935,120,0
2025-04-10 21:45:00+03:00,18510.75,18513.25,18291.25,18391.95,4971,120,0
2025-04-10 22:00:00+03:00,18396.85,18513.75,18288.35,18344.75,4912,120,0
2025-04-10 22:15:00+03:00,18341.85,18459.85,18239.75,18239.75,4964,120,0
2025-04-10 22:30:00+03:00,18243.75,18362.25,18098.95,18120.85,5023,120,0
2025-04-10 22:45:00+03:00,18120.95,18411.25,18098.45,18338.95,5041,120,0
2025-04-10 23:00:00+03:00,18339.86,18430.26,18299.06,18411.56,4524,138,0
2025-04-10 23:15:00+03:00,18411.06,18412.76,18325.76,18325.76,2976,228,0
2025-04-10 23:30:00+03:00,18325.66,18341.66,18293.66,18299.16,2447,228,0
2025-04-10 23:45:00+03:00,18299.06,18327.06,18295.06,18327.06,786,228,0
2025-04-11 01:00:00+03:00,18380.65,18410.25,18380.55,18394.05,879,210,0
2025-04-11 01:15:00+03:00,18393.15,18404.05,18366.25,18377.45,1209,210,0
2025-04-11 01:30:00+03:00,18377.25,18442.65,18377.25,18438.75,1954,210,0
2025-04-11 01:45:00+03:00,18436.25,18456.25,18379.95,18383.75,1671,210,0
2025-04-11 02:00:00+03:00,18384.25,18393.55,18305.25,18314.75,2045,210,0
2025-04-11 02:15:00+03:00,18314.95,18315.15,18240.55,18265.95,1615,210,0
2025-04-11 02:30:00+03:00,18267.05,18289.45,18250.05,18273.15,1237,210,0
2025-04-11 02:45:00+03:00,18272.95,18279.25,18174.95,18213.45,1967,210,0
2025-04-11 03:00:00+03:00,18212.25,18220.75,18120.95,18167.95,2654,210,0
2025-04-11 03:15:00+03:00,18167.95,18168.25,18049.95,18063.95,2853,210,0
2025-04-11 03:30:00+03:00,18061.45,18146.65,18000.95,18016.15,2747,210,0
2025-04-11 03:45:00+03:00,18016.05,18061.45,17931.25,18043.65,2767,210,0
2025-04-11 04:00:00+03:00,18041.65,18135.45,18020.05,18134.65,2492,210,0
2025-04-11 04:15:00+03:00,18135.05,18174.25,18107.65,18136.95,2534,210,0
2025-04-11 04:30:00+03:00,18137.05,18176.05,18113.65,18161.45,2212,210,0
2025-04-11 04:45:00+03:00,18162.95,18233.25,18147.45,18225.05,2201,210,0
2025-04-11 05:00:00+03:00,18223.55,18223.55,18138.25,18162.55,2123,210,0
2025-04-11 05:15:00+03:00,18164.05,18286.05,18118.75,18257.15,2573,210,0
2025-04-11 05:30:00+03:00,18257.05,18304.65,18235.15,18241.45,2607,210,0
2025-04-11 05:45:00+03:00,18241.75,18273.95,18203.65,18217.45,2368,210,0
2025-04-11 06:00:00+03:00,18217.15,18280.15,18215.55,18272.05,2125,210,0
2025-04-11 06:15:00+03:00,18271.45,18388.95,18254.45,18359.75,2184,210,0
2025-04-11 06:30:00+03:00,18362.25,18368.75,18297.25,18343.75,2261,210,0
2025-04-11 06:45:00+03:00,18342.95,18367.15,18305.15,18336.45,1875,210,0
2025-04-11 07:00:00+03:00,18336.45,18403.75,18335.75,18386.95,2306,210,0
2025-04-11 07:15:00+03:00,18386.95,18405.45,18353.05,18356.65,2123,210,0
2025-04-11 07:30:00+03:00,18357.15,18376.95,18355.45,18375.05,1310,210,0
2025-04-11 07:45:00+03:00,18374.45,18376.75,18309.05,18345.25,2143,210,0
2025-04-11 08:00:00+03:00,18347.45,18379.15,18294.75,18378.55,2158,210,0
2025-04-11 08:15:00+03:00,18378.95,18449.55,18366.65,18442.75,1308,210,0
2025-04-11 08:30:00+03:00,18442.95,18507.75,18442.65,18486.55,1957,210,0
2025-04-11 08:45:00+03:00,18486.65,18567.15,18460.15,18556.75,2647,210,0
2025-04-11 09:00:00+03:00,18557.55,18650.75,18557.55,18608.65,3484,210,0
2025-04-11 09:15:00+03:00,18605.25,18640.55,18588.95,18605.05,2295,210,0
2025-04-11 09:30:00+03:00,18604.15,18610.55,18528.65,18567.45,2751,210,0
2025-04-11 09:45:00+03:00,18566.65,18592.05,18527.95,18542.55,2755,210,0
2025-04-11 10:00:00+03:00,18544.55,18553.45,18430.45,18491.05,4006,210,0
2025-04-11 10:15:00+03:00,18490.95,18504.25,18414.55,18415.95,3627,210,0
2025-04-11 10:30:00+03:00,18415.55,18542.95,18412.25,18502.95,3566,210,0
2025-04-11 10:45:00+03:00,18503.05,18514.55,18414.75,18421.25,3561,210,0
2025-04-11 11:00:00+03:00,18421.25,18472.05,18315.95,18427.55,3922,210,0
2025-04-11 11:15:00+03:00,18426.95,18436.45,18260.95,18281.75,3696,210,0
2025-04-11 11:30:00+03:00,18281.15,18308.15,18173.95,18217.15,3988,210,0
2025-04-11 11:45:00+03:00,18217.45,18270.05,18199.05,18255.65,3838,210,0
2025-04-11 12:00:00+03:00,18254.95,18286.25,18217.05,18269.15,3614,210,0
2025-04-11 12:15:00+03:00,18269.75,18319.05,18248.05,18298.95,3425,210,0
2025-04-11 12:30:00+03:00,18299.15,18400.05,18285.45,18399.05,3485,210,0
2025-04-11 12:45:00+03:00,18399.05,18508.55,18360.55,18501.45,3892,210,0
2025-04-11 13:00:00+03:00,18500.85,18522.55,18438.35,18466.65,3778,210,0
2025-04-11 13:15:00+03:00,18465.55,18546.65,18447.55,18520.45,3440,210,0
2025-04-11 13:30:00+03:00,18520.35,18561.65,18496.15,18500.55,3336,210,0
2025-04-11 13:45:00+03:00,18500.55,18523.55,18447.55,18491.15,3523,210,0
2025-04-11 14:00:00+03:00,18491.55,18515.35,18453.05,18457.05,3309,210,0
2025-04-11 14:15:00+03:00,18456.65,18464.15,18367.45,18386.85,3567,210,0
2025-04-11 14:30:00+03:00,18386.65,18418.95,18358.65,18389.85,3173,210,0
2025-04-11 14:45:00+03:00,18390.15,18462.95,18324.95,18425.85,3516,210,0
2025-04-11 15:00:00+03:00,18424.55,18467.35,18404.35,18433.85,3649,210,0
2025-04-11 15:15:00+03:00,18433.15,18454.35,18382.45,18415.68,3463,210,0
2025-04-11 15:30:00+03:00,18415.51,18526.45,18415.51,18437.55,3204,210,0
2025-04-11 15:45:00+03:00,18437.55,18443.65,18340.65,18351.55,4173,210,0
2025-04-11 16:00:00+03:00,18351.55,18403.95,18217.65,18256.55,4535,210,0
2025-04-11 16:15:00+03:00,18256.45,18327.85,18235.05,18273.55,4374,210,0
2025-04-11 16:30:00+03:00,18284.35,18430.35,18216.05,18396.25,5088,120,0
2025-04-11 16:45:00+03:00,18398.65,18508.15,18387.05,18425.88,4946,120,0
2025-04-11 17:00:00+03:00,18392.31,18483.55,18294.35,18390.35,5041,120,0
2025-04-11 17:15:00+03:00,18389.85,18446.05,18139.85,18167.05,5005,120,0
2025-04-11 17:30:00+03:00,18171.75,18364.35,18135.35,18356.15,4969,120,0
2025-04-11 17:45:00+03:00,18357.05,18406.05,18269.25,18276.45,4894,120,0
2025-04-11 18:00:00+03:00,18276.35,18436.85,18215.15,18227.45,4982,120,0
2025-04-11 18:15:00+03:00,18226.35,18297.35,18186.25,18277.95,4849,120,0
2025-04-11 18:30:00+03:00,18276.35,18404.95,18249.65,18374.45,4803,120,0
2025-04-11 18:45:00+03:00,18375.15,18435.65,18353.85,18430.15,4737,120,0
2025-04-11 19:00:00+03:00,18430.35,18497.25,18396.65,18459.65,4661,120,0
2025-04-11 19:15:00+03:00,18459.95,18488.85,18394.85,18430.85,4648,120,0
2025-04-11 19:30:00+03:00,18430.95,18630.25,18430.95,18617.85,4788,120,0
2025-04-11 19:45:00+03:00,18618.15,18647.45,18585.35,18598.45,4765,120,0
2025-04-11 20:00:00+03:00,18601.95,18638.75,18543.75,18574.15,4723,120,0
2025-04-11 20:15:00+03:00,18574.85,18594.25,18496.35,18506.35,4724,120,0
2025-04-11 20:30:00+03:00,18507.25,18711.35,18457.85,18685.25,4860,120,0
2025-04-11 20:45:00+03:00,18685.85,18735.45,18603.85,18684.15,4844,120,0
2025-04-11 21:00:00+03:00,18684.25,18700.15,18616.65,18656.15,4825,120,0
2025-04-11 21:15:00+03:00,18655.65,18676.75,18576.45,18626.25,4776,120,0
2025-04-11 21:30:00+03:00,18627.25,18675.75,18603.45,18659.35,4658,120,0
2025-04-11 21:45:00+03:00,18659.75,18689.95,18581.65,18601.65,4661,120,0
2025-04-11 22:00:00+03:00,18602.95,18716.45,18598.95,18708.25,4638,120,0
2025-04-11 22:15:00+03:00,18708.15,18729.35,18656.35,18692.65,4660,120,0
2025-04-11 22:30:00+03:00,18692.25,18708.75,18641.15,18703.45,4671,120,0
2025-04-11 22:45:00+03:00,18704.15,18718.65,18653.35,18672.95,4726,120,0
2025-04-11 23:00:00+03:00,18667.56,18691.06,18645.96,18673.66,3519,138,0
2025-04-11 23:15:00+03:00,18674.06,18699.46,18663.36,18675.66,2319,228,0
2025-04-11 23:30:00+03:00,18675.66,18694.36,18674.66,18692.36,1603,208,0
2025-04-11 23:45:00+03:00,18692.46,18699.96,18690.56,18697.46,536,218,0
2025-04-14 01:00:00+03:00,18929.85,18980.05,18911.55,18923.65,2208,210,0
2025-04-14 01:15:00+03:00,18924.05,18933.15,18821.55,18822.85,3437,210,0
2025-04-14 01:30:00+03:00,18823.35,18871.55,18800.95,18851.35,2993,210,0
2025-04-14 01:45:00+03:00,18853.45,18857.45,18810.45,18825.15,2071,210,0
2025-04-14 02:00:00+03:00,18828.85,18896.65,18802.15,18881.15,2784,210,0
2025-04-14 02:15:00+03:00,18881.45,18920.65,18881.45,18896.65,2730,210,0
2025-04-14 02:30:00+03:00,18896.55,18904.45,18854.45,18866.95,2358,210,0
2025-04-14 02:45:00+03:00,18868.15,18895.15,18868.05,18881.65,1768,210,0
2025-04-14 03:00:00+03:00,18881.55,18945.05,18881.05,18938.55,3378,210,0
2025-04-14 03:15:00+03:00,18939.45,18944.85,18896.05,18910.35,3002,210,0
2025-04-14 03:30:00+03:00,18910.45,18932.35,18903.45,18911.65,2582,210,0
2025-04-14 03:45:00+03:00,18912.35,18913.35,18859.85,18876.15,2678,210,0
2025-04-14 04:00:00+03:00,18876.45,18896.35,18863.35,18884.85,2534,210,0
2025-04-14 04:15:00+03:00,18884.95,18889.45,18845.95,18871.85,2888,210,0
2025-04-14 04:30:00+03:00,18872.45,18885.05,18829.55,18834.35,2797,210,0
2025-04-14 04:45:00+03:00,18835.45,18876.05,18825.55,18875.45,2604,210,0
2025-04-14 05:00:00+03:00,18875.55,18905.65,18873.85,18903.65,2481,210,0
2025-04-14 05:15:00+03:00,18903.55,18921.05,18899.35,18906.95,2226,210,0
2025-04-14 05:30:00+03:00,18907.55,18921.45,18900.95,18909.05,2078,210,0
2025-04-14 05:45:00+03:00,18909.85,18928.95,18907.85,18917.75,1921,200,0
2025-04-14 06:00:00+03:00,18917.45,18921.25,18870.25,18900.85,2741,210,0
2025-04-14 06:15:00+03:00,18900.75,18947.35,18899.05,18930.95,2375,210,0
2025-04-14 06:30:00+03:00,18930.95,18932.45,18916.85,18923.25,1694,200,0
2025-04-14 06:45:00+03:00,18923.65,18938.55,18916.95,18922.65,1427,170,0
2025-04-14 07:00:00+03:00,18922.75,18941.35,18916.75,18929.05,1361,170,0
2025-04-14 07:15:00+03:00,18929.35,18954.05,18929.25,18954.05,1581,180,0
2025-04-14 07:30:00+03:00,18954.35,18955.65,18939.45,18951.25,1364,180,0
2025-04-14 07:45:00+03:00,18951.25,18995.25,18946.15,18982.25,1898,180,0
2025-04-14 08:00:00+03:00,18981.15,18989.85,18970.95,18979.25,1669,200,0
2025-04-14 08:15:00+03:00,18978.95,18978.95,18948.45,18959.55,1797,210,0
2025-04-14 08:30:00+03:00,18959.75,18963.45,18940.05,18950.05,1779,210,0
2025-04-14 08:45:00+03:00,18951.75,18968.75,18943.75,18952.35,1659,210,0
2025-04-14 09:00:00+03:00,18951.85,18975.55,18932.35,18966.55,1729,210,0
2025-04-14 09:15:00+03:00,18968.05,18968.75,18941.45,18946.75,2089,210,0
2025-04-14 09:30:00+03:00,18947.35,19016.45,18947.35,18990.95,2654,210,0
2025-04-14 09:45:00+03:00,18990.95,19001.85,18980.35,18984.75,1858,210,0
2025-04-14 10:00:00+03:00,18984.35,18991.25,18938.25,18945.95,3282,210,0
2025-04-14 10:15:00+03:00,18945.95,18988.95,18945.95,18968.25,2791,210,0
2025-04-14 10:30:00+03:00,18968.25,19003.95,18945.35,19002.55,2758,210,0
2025-04-14 10:45:00+03:00,19002.55,19027.35,19001.55,19021.05,2512,210,0
2025-04-14 11:00:00+03:00,19022.05,19045.05,18997.25,19011.55,3282,210,0
2025-04-14 11:15:00+03:00,19011.95,19025.05,19003.75,19005.95,2423,210,0
2025-04-14 11:30:00+03:00,19005.85,19019.75,18995.05,18997.05,1952,210,0
2025-04-14 11:45:00+03:00,18996.75,19009.95,18979.95,18984.25,1898,210,0
2025-04-14 12:00:00+03:00,18984.35,19008.95,18972.85,18976.35,1942,210,0
2025-04-14 12:15:00+03:00,18976.45,18980.45,18930.25,18936.25,2560,210,0
2025-04-14 12:30:00+03:00,18935.85,18943.75,18889.25,18910.05,2514,210,0
2025-04-14 12:45:00+03:00,18909.55,18932.85,18894.95,18930.75,2417,210,0
2025-04-14 13:00:00+03:00,18931.05,18954.75,18925.25,18939.95,2173,210,0
2025-04-14 13:15:00+03:00,18940.35,18947.95,18908.55,18935.25,1987,210,0
2025-04-14 13:30:00+03:00,18937.25,18961.55,18934.95,18954.75,1852,210,0
2025-04-14 13:45:00+03:00,18955.35,18968.25,18943.95,18966.95,1860,210,0
2025-04-14 14:00:00+03:00,18968.35,19032.25,18964.95,19021.75,2845,210,0
2025-04-14 14:15:00+03:00,19021.75,19036.95,18999.75,19018.85,2824,210,0
2025-04-14 14:30:00+03:00,19018.85,19023.85,18981.95,18989.95,2674,210,0
2025-04-14 14:45:00+03:00,18990.25,18993.85,18931.25,18936.45,2842,210,0
2025-04-14 15:00:00+03:00,18936.75,18996.05,18928.95,18986.05,3409,210,0
2025-04-14 15:15:00+03:00,18985.95,19010.95,18980.25,19003.45,2743,210,0
2025-04-14 15:30:00+03:00,19003.25,19059.55,18995.05,19032.55,3352,210,0
2025-04-14 15:45:00+03:00,19032.35,19052.35,19028.85,19048.15,3233,210,0
2025-04-14 16:00:00+03:00,19048.35,19066.35,19036.45,19045.45,3691,210,0
2025-04-14 16:15:00+03:00,19045.45,19117.65,19045.15,19094.75,3877,210,0
2025-04-14 16:30:00+03:00,19094.45,19115.85,18859.05,18916.05,5013,120,0
2025-04-14 16:45:00+03:00,18916.15,18968.95,18851.85,18909.55,4966,120,0
2025-04-14 17:00:00+03:00,18915.45,19036.85,18893.85,18957.45,4950,120,0
2025-04-14 17:15:00+03:00,18958.55,19014.35,18899.95,18996.95,4845,120,0
2025-04-14 17:30:00+03:00,18997.35,19039.05,18977.05,19007.65,4679,120,0
2025-04-14 17:45:00+03:00,19008.35,19053.55,18978.15,18991.15,4593,120,0
2025-04-14 18:00:00+03:00,18989.85,19012.55,18894.05,18901.65,4636,120,0
2025-04-14 18:15:00+03:00,18901.95,18920.05,18805.05,18809.35,4544,120,0
2025-04-14 18:30:00+03:00,18808.85,18854.95,18731.85,18789.65,4658,120,0
2025-04-14 18:45:00+03:00,18790.15,18792.15,18667.15,18691.35,4755,120,0
2025-04-14 19:00:00+03:00,18691.55,18737.15,18602.15,18667.35,4825,120,0
2025-04-14 19:15:00+03:00,18668.55,18760.05,18655.05,18679.35,4792,120,0
2025-04-14 19:30:00+03:00,18678.15,18755.65,18660.05,18744.15,4675,120,0
2025-04-14 19:45:00+03:00,18744.65,18757.85,18643.95,18647.05,4605,120,0
2025-04-14 20:00:00+03:00,18648.85,18783.65,18637.65,18702.05,4760,120,0
2025-04-14 20:15:00+03:00,18701.45,18783.65,18674.95,18733.15,4568,120,0
2025-04-14 20:30:00+03:00,18725.55,18760.95,18694.95,18717.45,4544,120,0
2025-04-14 20:45:00+03:00,18717.15,18814.05,18702.95,18802.25,4511,120,0
2025-04-14 21:00:00+03:00,18801.85,18842.35,18798.05,18818.85,4367,120,0
2025-04-14 21:15:00+03:00,18820.25,18866.05,18805.35,18858.95,4129,120,0
2025-04-14 21:30:00+03:00,18858.95,18904.25,18849.45,18900.75,4162,120,0
2025-04-14 21:45:00+03:00,18899.45,18901.35,18865.75,18874.85,4312,120,0
2025-04-14 22:00:00+03:00,18876.55,18955.95,18872.05,18948.75,4161,120,0
2025-04-14 22:15:00+03:00,18948.75,18949.25,18891.95,18899.85,4409,120,0
2025-04-14 22:30:00+03:00,18902.35,18939.75,18878.55,18916.85,4528,120,0
2025-04-14 22:45:00+03:00,18917.05,18921.05,18782.05,18800.35,4741,120,0
2025-04-14 23:00:00+03:00,18801.25,18821.56,18749.56,18784.86,3799,120,0
2025-04-14 23:15:00+03:00,18783.46,18789.26,18652.66,18703.26,3688,228,0
2025-04-14 23:30:00+03:00,18704.76,18760.36,18704.76,18744.16,2850,228,0
2025-04-14 23:45:00+03:00,18743.86,18774.96,18739.46,18772.66,797,228,0
2025-04-15 01:00:00+03:00,18756.55,18758.55,18726.35,18734.35,794,210,0
2025-04-15 01:15:00+03:00,18733.55,18752.05,18709.95,18711.45,991,210,0
2025-04-15 01:30:00+03:00,18711.05,18732.35,18706.15,18723.55,948,210,0
2025-04-15 01:45:00+03:00,18723.65,18724.05,18672.85,18678.35,948,210,0
2025-04-15 02:00:00+03:00,18678.35,18711.15,18676.05,18703.85,1691,210,0
2025-04-15 02:15:00+03:00,18704.05,18730.55,18701.35,18724.15,1513,210,0
2025-04-15 02:30:00+03:00,18725.65,18741.15,18690.95,18696.95,1866,200,0
2025-04-15 02:45:00+03:00,18696.55,18714.95,18689.05,18711.95,1882,210,0
2025-04-15 03:00:00+03:00,18710.85,18749.45,18710.85,18740.55,2517,210,0
2025-04-15 03:15:00+03:00,18739.85,18783.65,18734.65,18777.95,2309,210,0
2025-04-15 03:30:00+03:00,18777.65,18785.05,18757.65,18758.95,2085,210,0
2025-04-15 03:45:00+03:00,18758.85,18784.95,18758.45,18776.15,1852,210,0
2025-04-15 04:00:00+03:00,18776.05,18797.55,18769.45,18797.55,2041,210,0
2025-04-15 04:15:00+03:00,18797.65,18811.05,18780.85,18784.45,2105,200,0
2025-04-15 04:30:00+03:00,18783.75,18793.65,18756.85,18767.95,2199,200,0
2025-04-15 04:45:00+03:00,18767.55,18778.15,18758.95,18762.05,1922,200,0
2025-04-15 05:00:00+03:00,18762.45,18798.55,18756.35,18791.85,2239,210,0
2025-04-15 05:15:00+03:00,18790.15,18798.45,18736.85,18738.95,2296,210,0
2025-04-15 05:30:00+03:00,18738.15,18750.05,18731.15,18732.85,1782,190,0
2025-04-15 05:45:00+03:00,18733.05,18748.05,18731.85,18735.35,1647,180,0
2025-04-15 06:00:00+03:00,18737.35,18744.65,18723.35,18735.35,1812,210,0
2025-04-15 06:15:00+03:00,18735.45,18765.75,18735.35,18761.05,1623,180,0
2025-04-15 06:30:00+03:00,18761.15,18781.75,18760.25,18778.05,1412,170,0
2025-04-15 06:45:00+03:00,18778.05,18783.65,18774.45,18776.55,1266,170,0
2025-04-15 07:00:00+03:00,18776.65,18782.55,18769.25,18775.95,1259,180,0
2025-04-15 07:15:00+03:00,18775.85,18791.55,18775.55,18778.15,1190,170,0
2025-04-15 07:30:00+03:00,18778.55,18794.55,18754.05,18768.85,1738,190,0
2025-04-15 07:45:00+03:00,18768.35,18776.45,18756.85,18775.15,1524,190,0
2025-04-15 08:00:00+03:00,18775.25,18782.25,18758.35,18767.05,1640,190,0
2025-04-15 08:15:00+03:00,18767.05,18778.85,18741.65,18750.45,1564,190,0
2025-04-15 08:30:00+03:00,18752.35,18764.05,18731.15,18753.05,1920,210,0
2025-04-15 08:45:00+03:00,18752.85,18762.35,18742.95,18752.85,1436,210,0
2025-04-15 09:00:00+03:00,18752.65,18770.95,18738.85,18766.85,2276,210,0
2025-04-15 09:15:00+03:00,18766.85,18778.55,18758.35,18765.15,2052,210,0
2025-04-15 09:30:00+03:00,18764.95,18785.05,18758.85,18781.45,1730,210,0
2025-04-15 09:45:00+03:00,18781.35,18784.45,18770.85,18783.15,1477,190,0
2025-04-15 10:00:00+03:00,18783.85,18875.85,18779.85,18854.35,3495,210,0
2025-04-15 10:15:00+03:00,18854.05,18890.65,18853.95,18864.35,3129,210,0
2025-04-15 10:30:00+03:00,18864.45,18902.15,18861.35,18889.65,2804,210,0
2025-04-15 10:45:00+03:00,18889.85,18891.15,18859.45,18872.35,2609,210,0
2025-04-15 11:00:00+03:00,18872.55,18879.15,18826.55,18864.35,3640,210,0
2025-04-15 11:15:00+03:00,18864.95,18882.55,18850.45,18854.55,2855,210,0
2025-04-15 11:30:00+03:00,18854.65,18870.45,18827.45,18858.15,3066,210,0
2025-04-15 11:45:00+03:00,18858.45,18866.05,18840.65,18862.45,2525,210,0
2025-04-15 12:00:00+03:00,18862.55,18862.55,18837.15,18839.15,2300,210,0
2025-04-15 12:15:00+03:00,18839.55,18880.35,18830.55,18875.35,2714,210,0
2025-04-15 12:30:00+03:00,18875.65,18887.85,18831.85,18834.65,2820,210,0
2025-04-15 12:45:00+03:00,18835.15,18845.65,18824.85,18841.65,2402,210,0
2025-04-15 13:00:00+03:00,18841.55,18865.85,18827.45,18859.45,2364,210,0
2025-04-15 13:15:00+03:00,18859.55,18869.95,18849.05,18858.95,2268,210,0
2025-04-15 13:30:00+03:00,18860.05,18868.55,18830.85,18831.65,2403,210,0
2025-04-15 13:45:00+03:00,18831.55,18846.05,18811.15,18845.45,2502,210,0
2025-04-15 14:00:00+03:00,18845.95,18855.45,18817.35,18817.45,2655,210,0
2025-04-15 14:15:00+03:00,18818.15,18842.55,18817.15,18832.05,2379,210,0
2025-04-15 14:30:00+03:00,18832.15,18847.35,18786.15,18787.55,3083,210,0
2025-04-15 14:45:00+03:00,18787.55,18792.95,18732.55,18749.45,3771,210,0
2025-04-15 15:00:00+03:00,18750.95,18788.85,18744.65,18777.85,3330,210,0
2025-04-15 15:15:00+03:00,18777.95,18778.05,18697.85,18723.95,3796,210,0
2025-04-15 15:30:00+03:00,18720.85,18785.35,18720.65,18782.55,3518,210,0
2025-04-15 15:45:00+03:00,18782.35,18804.15,18757.45,18797.95,3503,210,0
2025-04-15 16:00:00+03:00,18798.55,18834.35,18798.55,18818.85,3638,210,0
2025-04-15 16:15:00+03:00,18819.05,18846.65,18809.95,18846.15,3552,210,0
2025-04-15 16:30:00+03:00,18848.95,18948.05,18830.85,18932.75,4871,120,0
2025-04-15 16:45:00+03:00,18932.65,18979.55,18899.15,18930.85,4745,120,0
2025-04-15 17:00:00+03:00,18930.75,19006.85,18919.55,18949.05,4686,120,0
2025-04-15 17:15:00+03:00,18948.85,18976.05,18789.65,18831.25,4829,120,0
2025-04-15 17:30:00+03:00,18833.35,18939.85,18829.75,18931.85,4698,120,0
2025-04-15 17:45:00+03:00,18931.65,18934.65,18834.75,18881.55,4752,120,0
2025-04-15 18:00:00+03:00,18881.55,18925.85,18873.35,18921.75,4623,120,0
2025-04-15 18:15:00+03:00,18921.75,18950.35,18871.15,18874.25,4424,120,0
2025-04-15 18:30:00+03:00,18875.15,18928.35,18852.65,18884.85,4562,120,0
2025-04-15 18:45:00+03:00,18882.35,18930.55,18846.25,18912.15,4557,120,0
2025-04-15 19:00:00+03:00,18912.25,18939.55,18900.75,18918.65,4264,120,0
2025-04-15 19:15:00+03:00,18918.85,18952.65,18901.25,18930.25,4143,120,0
2025-04-15 19:30:00+03:00,18930.55,18944.65,18886.65,18920.35,4021,120,0
2025-04-15 19:45:00+03:00,18921.05,18933.75,18807.35,18827.15,4142,120,0
2025-04-15 20:00:00+03:00,18826.75,18871.65,18805.65,18850.15,4268,120,0
2025-04-15 20:15:00+03:00,18850.55,18854.65,18771.15,18788.35,4335,120,0
2025-04-15 20:30:00+03:00,18786.65,18851.15,18783.65,18832.75,4359,120,0
2025-04-15 20:45:00+03:00,18832.85,18843.65,18774.85,18813.85,4373,120,0
2025-04-15 21:00:00+03:00,18814.15,18830.65,18757.85,18770.15,4421,120,0
2025-04-15 21:15:00+03:00,18769.75,18801.65,18747.85,18780.65,4321,120,0
2025-04-15 21:30:00+03:00,18780.65,18833.85,18778.85,18833.35,4237,120,0
2025-04-15 21:45:00+03:00,18832.25,18856.35,18811.35,18838.05,4166,120,0
2025-04-15 22:00:00+03:00,18836.75,18861.25,18813.75,18851.65,4158,120,0
2025-04-15 22:15:00+03:00,18851.35,18862.55,18802.55,18824.65,4211,120,0
2025-04-15 22:30:00+03:00,18825.15,18840.15,18806.75,18820.55,4241,120,0
2025-04-15 22:45:00+03:00,18820.15,18848.25,18785.55,18823.05,4325,120,0
2025-04-15 23:00:00+03:00,18822.85,18840.76,18812.86,18822.56,2732,120,0
2025-04-15 23:15:00+03:00,18821.36,18826.36,18801.06,18804.56,1571,198,0
2025-04-15 23:30:00+03:00,18803.76,18812.66,18792.26,18809.26,1695,218,0
2025-04-15 23:45:00+03:00,18809.16,18809.26,18795.76,18803.36,513,218,0
2025-04-16 01:00:00+03:00,18598.15,18611.15,18576.55,18593.75,1179,210,0
2025-04-16 01:15:00+03:00,18593.55,18630.35,18584.75,18624.65,2378,210,0
2025-04-16 01:30:00+03:00,18624.25,18640.85,18616.75,18626.65,2223,210,0
2025-04-16 01:45:00+03:00,18626.35,18628.75,18597.85,18612.15,1940,210,0
2025-04-16 02:00:00+03:00,18611.65,18625.25,18580.05,18595.35,2113,210,0
2025-04-16 02:15:00+03:00,18595.25,18601.75,18573.55,18589.15,1911,210,0
2025-04-16 02:30:00+03:00,18590.35,18595.05,18559.65,18584.65,2235,210,0
2025-04-16 02:45:00+03:00,18585.25,18598.25,18569.85,18592.75,1960,210,0
2025-04-16 03:00:00+03:00,18592.85,18600.15,18551.35,18555.15,2924,210,0
2025-04-16 03:15:00+03:00,18554.55,18560.55,18541.75,18550.75,2343,210,0
2025-04-16 03:30:00+03:00,18550.65,18550.75,18501.55,18521.85,2673,210,0
2025-04-16 03:45:00+03:00,18522.75,18549.15,18521.65,18534.55,2209,200,0
2025-04-16 04:00:00+03:00,18534.55,18561.85,18534.55,18558.05,2056,200,0
2025-04-16 04:15:00+03:00,18558.75,18575.05,18558.75,18574.25,2046,180,0
2025-04-16 04:30:00+03:00,18574.45,18594.65,18570.55,18581.35,2063,180,0
2025-04-16 04:45:00+03:00,18581.15,18582.85,18566.65,18570.85,1626,180,0
2025-04-16 05:00:00+03:00,18574.75,18586.05,18564.85,18567.65,2023,190,0
2025-04-16 05:15:00+03:00,18567.25,18575.05,18547.05,18561.55,2157,210,0
2025-04-16 05:30:00+03:00,18561.05,18568.35,18548.35,18556.55,1494,200,0
2025-04-16 05:45:00+03:00,18556.35,18563.65,18541.65,18557.65,1532,200,0
2025-04-16 06:00:00+03:00,18557.85,18577.85,18553.35,18576.05,1471,190,0
2025-04-16 06:15:00+03:00,18576.15,18584.95,18547.15,18547.75,1459,170,0
2025-04-16 06:30:00+03:00,18548.15,18561.35,18543.55,18546.15,1614,200,0
2025-04-16 06:45:00+03:00,18546.25,18552.05,18536.35,18538.05,1229,180,0
2025-04-16 07:00:00+03:00,18538.35,18542.35,18527.65,18532.35,1296,190,0
2025-04-16 07:15:00+03:00,18532.15,18541.05,18527.05,18539.95,1221,180,0
2025-04-16 07:30:00+03:00,18540.05,18547.15,18540.05,18544.65,1179,170,0
2025-04-16 07:45:00+03:00,18544.95,18544.95,18522.05,18531.05,1436,180,0
2025-04-16 08:00:00+03:00,18532.45,18533.35,18476.25,18481.65,2886,200,0
2025-04-16 08:15:00+03:00,18480.65,18485.35,18379.75,18392.15,3144,210,0
2025-04-16 08:30:00+03:00,18391.85,18417.75,18369.05,18407.85,3254,210,0
2025-04-16 08:45:00+03:00,18406.15,18409.55,18379.65,18390.05,2661,210,0
2025-04-16 09:00:00+03:00,18389.75,18417.55,18378.05,18412.75,2939,210,0
2025-04-16 09:15:00+03:00,18412.75,18439.85,18410.55,18428.15,2409,210,0
2025-04-16 09:30:00+03:00,18428.65,18461.15,18426.25,18445.15,2474,210,0
2025-04-16 09:45:00+03:00,18445.15,18463.65,18439.15,18440.15,2031,210,0
2025-04-16 10:00:00+03:00,18440.25,18479.35,18436.65,18463.75,3388,210,0
2025-04-16 10:15:00+03:00,18463.85,18466.05,18423.55,18427.65,3134,210,0
2025-04-16 10:30:00+03:00,18427.65,18444.55,18419.65,18436.35,2565,210,0
2025-04-16 10:45:00+03:00,18436.15,18437.75,18377.25,18385.55,2522,210,0
2025-04-16 11:00:00+03:00,18385.35,18416.25,18379.25,18389.75,3277,210,0
2025-04-16 11:15:00+03:00,18389.55,18595.75,18382.05,18518.15,3071,210,0
2025-04-16 11:30:00+03:00,18517.65,18723.85,18517.65,18670.55,4379,210,0
2025-04-16 11:45:00+03:00,18670.05,18670.05,18566.05,18575.25,4059,210,0
2025-04-16 12:00:00+03:00,18575.85,18599.25,18555.85,18585.65,3481,210,0
2025-04-16 12:15:00+03:00,18585.35,18626.65,18578.65,18596.55,3196,210,0
2025-04-16 12:30:00+03:00,18596.55,18604.35,18578.05,18583.55,2644,210,0
2025-04-16 12:45:00+03:00,18584.15,18590.25,18541.25,18542.35,2322,210,0
2025-04-16 13:00:00+03:00,18543.15,18593.35,18540.35,18566.15,2733,210,0
2025-04-16 13:15:00+03:00,18566.05,18592.55,18557.05,18572.85,2595,210,0
2025-04-16 13:30:00+03:00,18572.65,18574.75,18535.25,18555.15,2372,210,0
2025-04-16 13:45:00+03:00,18555.55,18565.35,18542.65,18553.75,2227,210,0
2025-04-16 14:00:00+03:00,18553.35,18562.15,18517.15,18544.05,2961,210,0
2025-04-16 14:15:00+03:00,18544.75,18564.25,18532.05,18557.55,2322,210,0
2025-04-16 14:30:00+03:00,18557.25,18585.35,18546.65,18580.55,2480,210,0
2025-04-16 14:45:00+03:00,18580.75,18587.55,18551.15,18559.35,2698,210,0
2025-04-16 15:00:00+03:00,18559.25,18575.15,18541.35,18553.25,2883,210,0
2025-04-16 15:15:00+03:00,18553.35,18571.15,18550.05,18557.89,2446,210,0
2025-04-16 15:30:00+03:00,18557.66,18577.05,18505.85,18516.35,3523,210,0
2025-04-16 15:45:00+03:00,18516.35,18520.25,18495.25,18500.55,3616,210,0
2025-04-16 16:00:00+03:00,18501.05,18509.85,18473.25,18491.35,3972,210,0
2025-04-16 16:15:00+03:00,18491.55,18499.15,18439.35,18446.15,3847,210,0
2025-04-16 16:30:00+03:00,18447.05,18543.35,18438.45,18501.35,4974,120,0
2025-04-16 16:45:00+03:00,18501.45,18506.75,18388.95,18388.95,4734,120,0
2025-04-16 17:00:00+03:00,18388.45,18471.35,18376.05,18417.25,4675,120,0
2025-04-16 17:15:00+03:00,18417.55,18505.05,18401.95,18485.05,4613,120,0
2025-04-16 17:30:00+03:00,18483.35,18533.55,18462.35,18521.05,4418,120,0
2025-04-16 17:45:00+03:00,18520.35,18520.55,18465.75,18493.75,4360,120,0
2025-04-16 18:00:00+03:00,18494.05,18519.55,18458.25,18498.35,4413,120,0
2025-04-16 18:15:00+03:00,18498.55,18599.95,18462.75,18574.85,4353,120,0
2025-04-16 18:30:00+03:00,18576.55,18578.35,18508.95,18517.45,4223,120,0
2025-04-16 18:45:00+03:00,18517.05,18524.25,18443.25,18453.85,4265,120,0
2025-04-16 19:00:00+03:00,18453.75,18464.45,18417.35,18452.05,4441,120,0
2025-04-16 19:15:00+03:00,18452.45,18471.45,18429.55,18455.35,4078,120,0
2025-04-16 19:30:00+03:00,18455.75,18482.05,18413.95,18459.55,4213,120,0
2025-04-16 19:45:00+03:00,18459.25,18461.65,18423.45,18429.25,4153,120,0
2025-04-16 20:00:00+03:00,18429.75,18447.75,18397.25,18410.05,4191,120,0
2025-04-16 20:15:00+03:00,18410.75,18463.25,18410.05,18460.45,4043,120,0
2025-04-16 20:30:00+03:00,18460.55,18464.45,18265.75,18282.95,4836,120,0
2025-04-16 20:45:00+03:00,18282.15,18282.15,18159.05,18161.65,4823,120,0
2025-04-16 21:00:00+03:00,18159.95,18238.15,18159.55,18224.45,4858,120,0
2025-04-16 21:15:00+03:00,18226.15,18255.75,18168.75,18219.15,4675,120,0
2025-04-16 21:30:00+03:00,18219.05,18227.55,18118.55,18124.75,4547,120,0
2025-04-16 21:45:00+03:00,18124.75,18139.15,18078.75,18082.05,4423,120,0
2025-04-16 22:00:00+03:00,18081.65,18101.15,18002.95,18054.05,4436,120,0
2025-04-16 22:15:00+03:00,18052.25,18068.05,17987.05,18006.15,4476,120,0
2025-04-16 22:30:00+03:00,18005.85,18114.35,18005.85,18098.35,4682,120,0
2025-04-16 22:45:00+03:00,18097.15,18269.75,18095.25,18257.05,4754,120,0
2025-04-16 23:00:00+03:00,18258.26,18307.26,18235.56,18306.26,4206,138,0
2025-04-16 23:15:00+03:00,18308.46,18310.56,18270.46,18287.86,2880,228,0
2025-04-16 23:30:00+03:00,18287.86,18300.36,18264.86,18266.86,2144,228,0
2025-04-16 23:45:00+03:00,18267.06,18278.56,18259.36,18259.36,789,228,0
2025-04-17 01:00:00+03:00,18293.95,18294.65,18261.85,18262.85,916,210,0
2025-04-17 01:15:00+03:00,18263.45,18274.45,18243.25,18272.95,2035,210,0
2025-04-17 01:30:00+03:00,18273.15,18285.45,18259.65,18281.65,1396,200,0
2025-04-17 01:45:00+03:00,18281.15,18291.95,18266.25,18280.35,1522,210,0
2025-04-17 02:00:00+03:00,18280.35,18287.15,18233.25,18255.75,1742,210,0
2025-04-17 02:15:00+03:00,18255.65,18295.65,18253.75,18289.15,1453,200,0
2025-04-17 02:30:00+03:00,18289.15,18289.65,18218.15,18277.85,1930,200,0
2025-04-17 02:45:00+03:00,18277.95,18287.45,18255.25,18273.95,1457,210,0
2025-04-17 03:00:00+03:00,18275.65,18329.45,18249.65,18317.85,1749,210,0
2025-04-17 03:15:00+03:00,18318.15,18331.15,18283.75,18303.15,2486,210,0
2025-04-17 03:30:00+03:00,18302.95,18323.75,18291.95,18318.85,2242,210,0
2025-04-17 03:45:00+03:00,18318.35,18369.95,18316.15,18360.35,2488,210,0
2025-04-17 04:00:00+03:00,18358.15,18361.95,18337.25,18341.35,2075,210,0
2025-04-17 04:15:00+03:00,18340.75,18350.15,18337.15,18337.75,1692,200,0
2025-04-17 04:30:00+03:00,18337.65,18362.75,18334.95,18344.45,2362,200,0
2025-04-17 04:45:00+03:00,18344.75,18355.35,18325.35,18347.35,2071,210,0
2025-04-17 05:00:00+03:00,18347.45,18365.45,18336.85,18360.05,1787,200,0
2025-04-17 05:15:00+03:00,18359.65,18383.95,18358.75,18364.75,1880,180,0
2025-04-17 05:30:00+03:00,18364.45,18364.75,18329.95,18341.75,1757,180,0
2025-04-17 05:45:00+03:00,18341.45,18373.25,18339.75,18369.95,1667,190,0
2025-04-17 06:00:00+03:00,18370.25,18385.95,18368.35,18381.35,1404,170,0
2025-04-17 06:15:00+03:00,18382.65,18393.75,18379.75,18387.25,1576,180,0
2025-04-17 06:30:00+03:00,18387.25,18387.85,18371.95,18377.25,1304,180,0
2025-04-17 06:45:00+03:00,18377.35,18414.45,18376.55,18409.65,1670,170,0
2025-04-17 07:00:00+03:00,18409.45,18416.25,18405.35,18407.35,1342,170,0
2025-04-17 07:15:00+03:00,18407.15,18415.55,18401.65,18410.35,1167,170,0
2025-04-17 07:30:00+03:00,18410.05,18420.75,18401.05,18419.15,1239,180,0
2025-04-17 07:45:00+03:00,18419.35,18419.75,18411.05,18413.25,975,170,0
2025-04-17 08:00:00+03:00,18413.55,18418.45,18406.45,18407.25,1335,170,0
2025-04-17 08:15:00+03:00,18407.45,18410.75,18394.75,18398.05,1445,170,0
2025-04-17 08:30:00+03:00,18397.95,18450.05,18395.05,18443.25,2657,190,0
2025-04-17 08:45:00+03:00,18443.25,18447.45,18414.25,18428.05,2130,200,0
2025-04-17 09:00:00+03:00,18427.95,18459.85,18407.35,18455.85,2808,210,0
2025-04-17 09:15:00+03:00,18455.85,18477.35,18447.55,18473.95,2395,210,0
2025-04-17 09:30:00+03:00,18473.85,18477.35,18441.45,18445.45,2174,200,0
2025-04-17 09:45:00+03:00,18445.45,18450.35,18414.95,18432.85,2361,210,0
2025-04-17 10:00:00+03:00,18433.25,18466.45,18432.95,18457.45,3272,210,0
2025-04-17 10:15:00+03:00,18457.05,18528.05,18445.55,18517.25,3453,210,0
2025-04-17 10:30:00+03:00,18517.45,18519.25,18474.45,18481.25,2562,210,0
2025-04-17 10:45:00+03:00,18481.35,18500.35,18479.85,18494.35,2417,210,0
2025-04-17 11:00:00+03:00,18494.85,18496.45,18469.85,18476.25,3025,210,0
2025-04-17 11:15:00+03:00,18476.55,18487.35,18461.95,18478.25,2503,210,0
2025-04-17 11:30:00+03:00,18478.55,18486.45,18442.35,18442.85,2372,210,0
2025-04-17 11:45:00+03:00,18443.35,18452.75,18411.55,18414.95,2774,210,0
2025-04-17 12:00:00+03:00,18415.05,18439.35,18401.75,18438.25,2574,210,0
2025-04-17 12:15:00+03:00,18438.05,18468.45,18426.25,18450.35,2565,210,0
2025-04-17 12:30:00+03:00,18450.35,18458.55,18435.75,18445.85,2124,210,0
2025-04-17 12:45:00+03:00,18445.75,18456.45,18432.75,18453.85,2560,210,0
2025-04-17 13:00:00+03:00,18453.25,18459.25,18419.95,18431.85,3219,210,0
2025-04-17 13:15:00+03:00,18431.85,18443.05,18410.45,18433.05,3189,210,0
2025-04-17 13:30:00+03:00,18433.05,18441.95,18390.55,18400.05,2672,210,0
2025-04-17 13:45:00+03:00,18400.25,18409.55,18373.55,18386.55,3173,210,0
2025-04-17 14:00:00+03:00,18385.95,18398.05,18333.95,18334.35,3210,210,0
2025-04-17 14:15:00+03:00,18335.45,18394.45,18334.35,18388.85,3098,210,0
2025-04-17 14:30:00+03:00,18388.55,18408.55,18363.55,18380.55,2973,210,0
2025-04-17 14:45:00+03:00,18381.45,18401.45,18374.25,18393.05,2602,210,0
2025-04-17 15:00:00+03:00,18392.55,18501.25,18390.85,18409.25,3518,210,0
2025-04-17 15:15:00+03:00,18409.45,18426.35,18399.35,18405.35,3048,210,0
2025-04-17 15:30:00+03:00,18408.35,18467.25,18399.55,18421.95,3849,210,0
2025-04-17 15:45:00+03:00,18422.55,18444.95,18405.75,18410.15,3623,210,0
2025-04-17 16:00:00+03:00,18409.95,18410.95,18350.35,18380.75,4092,210,0
2025-04-17 16:15:00+03:00,18380.35,18425.65,18363.65,18379.35,4292,210,0
2025-04-17 16:30:00+03:00,18377.35,18388.45,18263.15,18295.35,4935,120,0
2025-04-17 16:45:00+03:00,18297.35,18387.55,18258.05,18347.35,4872,120,0
2025-04-17 17:00:00+03:00,18348.35,18367.55,18264.85,18284.95,4894,120,0
2025-04-17 17:15:00+03:00,18284.65,18298.45,18196.85,18201.35,4752,120,0
2025-04-17 17:30:00+03:00,18202.05,18234.55,18142.15,18228.15,4851,120,0
2025-04-17 17:45:00+03:00,18229.05,18244.85,18180.35,18183.85,4618,120,0
2025-04-17 18:00:00+03:00,18182.65,18299.05,18171.95,18298.05,4649,120,0
2025-04-17 18:15:00+03:00,18296.65,18321.45,18208.45,18219.35,4415,120,0
2025-04-17 18:30:00+03:00,18219.55,18301.65,18217.35,18241.55,4550,120,0
2025-04-17 18:45:00+03:00,18241.85,18277.45,18214.35,18219.85,4663,120,0
2025-04-17 19:00:00+03:00,18229.55,18311.35,18197.95,18273.65,4913,120,0
2025-04-17 19:15:00+03:00,18274.35,18344.35,18249.35,18326.55,4725,120,0
2025-04-17 19:30:00+03:00,18326.35,18359.05,18253.45,18265.85,4630,120,0
2025-04-17 19:45:00+03:00,18265.95,18355.55,18251.85,18334.35,4572,120,0
2025-04-17 20:00:00+03:00,18335.65,18353.95,18291.45,18297.55,4464,120,0
2025-04-17 20:15:00+03:00,18297.35,18307.65,18247.55,18249.05,4361,120,0
2025-04-17 20:30:00+03:00,18249.35,18315.35,18249.35,18291.35,4252,120,0
2025-04-17 20:45:00+03:00,18290.95,18367.05,18288.05,18333.45,4531,120,0
2025-04-17 21:00:00+03:00,18333.45,18391.95,18324.35,18352.15,4307,120,0
2025-04-17 21:15:00+03:00,18352.85,18406.05,18344.05,18361.05,4200,120,0
2025-04-17 21:30:00+03:00,18361.05,18398.55,18361.05,18372.65,4152,120,0
2025-04-17 21:45:00+03:00,18372.85,18389.65,18298.35,18299.65,4609,120,0
2025-04-17 22:00:00+03:00,18300.35,18310.55,18247.85,18262.35,4489,120,0
2025-04-17 22:15:00+03:00,18262.05,18287.05,18229.85,18253.85,4435,120,0
2025-04-17 22:30:00+03:00,18254.55,18307.55,18246.55,18282.75,4399,120,0
2025-04-17 22:45:00+03:00,18284.25,18290.55,18210.55,18253.05,4669,120,0
2025-04-17 23:00:00+03:00,18254.75,18313.86,18244.76,18311.26,3312,120,0
2025-04-17 23:15:00+03:00,18309.56,18324.86,18283.36,18284.56,1897,228,0
2025-04-17 23:30:00+03:00,18284.76,18300.56,18278.96,18298.96,1540,228,0
2025-04-17 23:45:00+03:00,18299.26,18330.76,18297.46,18309.76,953,218,0
2025-04-21 01:00:00+03:00,18191.25,18191.85,18140.35,18165.15,1200,210,0
2025-04-21 01:15:00+03:00,18165.15,18186.75,18151.45,18168.25,1264,200,0
2025-04-21 01:30:00+03:00,18168.75,18177.45,18152.65,18161.75,1131,210,0
2025-04-21 01:45:00+03:00,18161.65,18185.65,18155.45,18176.85,1120,200,0
2025-04-21 02:00:00+03:00,18176.85,18215.25,18172.95,18196.15,1222,210,0
2025-04-21 02:15:00+03:00,18196.65,18198.45,18169.85,18176.25,619,190,0
2025-04-21 02:30:00+03:00,18176.45,18191.45,18167.25,18188.95,833,190,0
2025-04-21 02:45:00+03:00,18189.25,18205.95,18188.15,18202.65,1153,190,0
2025-04-21 03:00:00+03:00,18200.95,18232.85,18196.85,18228.85,2222,200,0
2025-04-21 03:15:00+03:00,18228.65,18252.75,18224.35,18249.65,1818,210,0
2025-04-21 03:30:00+03:00,18249.75,18259.35,18230.15,18246.35,1814,210,0
2025-04-21 03:45:00+03:00,18245.75,18245.75,18186.65,18189.95,2294,210,0
2025-04-21 04:00:00+03:00,18190.15,18197.15,18148.15,18161.35,2356,210,0
2025-04-21 04:15:00+03:00,18161.65,18174.15,18146.15,18172.45,1928,200,0
2025-04-21 04:30:00+03:00,18172.15,18202.45,18170.65,18197.55,1816,190,0
2025-04-21 04:45:00+03:00,18197.45,18199.85,18151.25,18173.65,1823,170,0
2025-04-21 05:00:00+03:00,18173.45,18191.05,18169.95,18188.75,1385,190,0
2025-04-21 05:15:00+03:00,18188.95,18193.25,18160.95,18169.15,1620,190,0
2025-04-21 05:30:00+03:00,18168.95,18177.25,18099.95,18103.45,2328,210,0
2025-04-21 05:45:00+03:00,18104.85,18115.35,18078.15,18105.95,1970,200,0
2025-04-21 06:00:00+03:00,18105.65,18114.35,18098.85,18111.75,1539,200,0
2025-04-21 06:15:00+03:00,18111.35,18122.65,18103.95,18119.55,1329,190,0
2025-04-21 06:30:00+03:00,18120.05,18121.45,18101.45,18108.75,1177,190,0
2025-04-21 06:45:00+03:00,18108.65,18116.75,18098.05,18108.65,1264,180,0
2025-04-21 07:00:00+03:00,18108.65,18133.45,18105.75,18122.65,1276,180,0
2025-04-21 07:15:00+03:00,18122.25,18133.35,18114.55,18129.55,869,170,0
2025-04-21 07:30:00+03:00,18129.85,18130.25,18108.35,18110.75,963,160,0
2025-04-21 07:45:00+03:00,18110.95,18112.95,18101.15,18108.65,1061,180,0
2025-04-21 08:00:00+03:00,18108.65,18120.95,18106.75,18112.75,1071,180,0
2025-04-21 08:15:00+03:00,18112.85,18130.25,18110.75,18117.85,1007,180,0
2025-04-21 08:30:00+03:00,18118.25,18140.45,18105.35,18134.85,1162,180,0
2025-04-21 08:45:00+03:00,18135.15,18139.65,18127.65,18133.75,1137,170,0
2025-04-21 09:00:00+03:00,18133.85,18144.55,18130.25,18137.85,1142,190,0
2025-04-21 09:15:00+03:00,18137.85,18142.35,18120.45,18123.35,1377,180,0
2025-04-21 09:30:00+03:00,18123.65,18126.25,18086.15,18092.25,1511,200,0
2025-04-21 09:45:00+03:00,18092.35,18113.65,18089.95,18106.25,1263,190,0
2025-04-21 10:00:00+03:00,18106.15,18114.45,18060.85,18063.45,1517,210,0
2025-04-21 10:15:00+03:00,18063.35,18075.15,18044.35,18062.75,1656,210,0
2025-04-21 10:30:00+03:00,18063.45,18068.65,18055.75,18064.65,1235,200,0
2025-04-21 10:45:00+03:00,18064.75,18077.75,18038.95,18040.95,1670,200,0
2025-04-21 11:00:00+03:00,18040.95,18081.85,18033.75,18059.45,2192,210,0
2025-04-21 11:15:00+03:00,18059.35,18068.95,18044.35,18065.15,1585,200,0
2025-04-21 11:30:00+03:00,18065.55,18081.35,18062.55,18067.85,1216,190,0
2025-04-21 11:45:00+03:00,18067.75,18070.85,18046.95,18059.85,1391,210,0
2025-04-21 12:00:00+03:00,18060.35,18069.65,18027.85,18038.95,1530,210,0
2025-04-21 12:15:00+03:00,18038.85,18059.15,18023.35,18051.85,1710,210,0
2025-04-21 12:30:00+03:00,18051.85,18052.65,18032.15,18033.95,1056,190,0
2025-04-21 12:45:00+03:00,18033.25,18063.05,18032.05,18060.25,1197,190,0
2025-04-21 13:00:00+03:00,18059.75,18074.85,18054.15,18064.25,1428,190,0
2025-04-21 13:15:00+03:00,18064.35,18065.25,18034.35,18040.75,1242,190,0
2025-04-21 13:30:00+03:00,18040.85,18058.95,18033.75,18058.25,1342,200,0
2025-04-21 13:45:00+03:00,18058.45,18079.65,18052.65,18076.45,1348,190,0
2025-04-21 14:00:00+03:00,18075.85,18101.35,18054.95,18058.45,2368,210,0
2025-04-21 14:15:00+03:00,18058.35,18059.65,17968.65,17999.65,2660,210,0
2025-04-21 14:30:00+03:00,17999.75,18007.15,17976.85,17982.35,2662,210,0
2025-04-21 14:45:00+03:00,17982.25,17995.35,17968.15,17994.35,2408,210,0
2025-04-21 15:00:00+03:00,17993.25,18009.95,17979.15,17999.95,2229,210,0
2025-04-21 15:15:00+03:00,17999.85,18013.85,17989.65,18011.45,2444,210,0
2025-04-21 15:30:00+03:00,18011.15,18034.35,18001.85,18019.65,2306,210,0
2025-04-21 15:45:00+03:00,18019.45,18023.95,18004.65,18009.45,2327,210,0
2025-04-21 16:00:00+03:00,18009.45,18018.75,17979.35,17983.75,3044,210,0
2025-04-21 16:15:00+03:00,17983.65,18016.75,17979.75,18016.65,3001,210,0
2025-04-21 16:30:00+03:00,18020.65,18052.95,17949.95,17971.45,4822,120,0
2025-04-21 16:45:00+03:00,17971.45,18006.95,17883.35,17883.35,4595,120,0
2025-04-21 17:00:00+03:00,17883.05,17885.55,17825.05,17850.55,4609,120,0
2025-04-21 17:15:00+03:00,17850.15,17856.95,17785.95,17811.45,4623,120,0
2025-04-21 17:30:00+03:00,17811.05,17872.95,17794.65,17820.95,4382,120,0
2025-04-21 17:45:00+03:00,17820.65,17845.45,17789.45,17816.55,4233,120,0
2025-04-21 18:00:00+03:00,17816.35,17834.45,17771.45,17774.05,4283,120,0
2025-04-21 18:15:00+03:00,17773.65,17805.35,17742.35,17752.65,4203,120,0
2025-04-21 18:30:00+03:00,17752.45,17761.65,17701.35,17704.85,4182,120,0
2025-04-21 18:45:00+03:00,17704.85,17709.45,17671.85,17681.35,4004,120,0
2025-04-21 19:00:00+03:00,17681.35,17725.45,17679.95,17723.05,3813,120,0
2025-04-21 19:15:00+03:00,17722.85,17728.15,17690.15,17700.65,3772,110,0
2025-04-21 19:30:00+03:00,17699.45,17760.15,17695.85,17748.55,3713,110,0
2025-04-21 19:45:00+03:00,17748.45,17755.35,17674.25,17679.75,3832,100,0
2025-04-21 20:00:00+03:00,17679.65,17697.45,17617.15,17628.65,4035,100,0
2025-04-21 20:15:00+03:00,17628.65,17660.15,17617.85,17633.35,3830,120,0
2025-04-21 20:30:00+03:00,17633.05,17658.85,17613.35,17626.05,3746,120,0
2025-04-21 20:45:00+03:00,17625.85,17633.65,17588.15,17597.55,3828,120,0
2025-04-21 21:00:00+03:00,17600.35,17618.55,17585.45,17611.95,3928,120,0
2025-04-21 21:15:00+03:00,17610.85,17640.45,17608.35,17637.85,3839,120,0
2025-04-21 21:30:00+03:00,17637.55,17665.35,17611.15,17614.45,3836,120,0
2025-04-21 21:45:00+03:00,17614.65,17624.35,17586.15,17593.45,3821,90,0
2025-04-21 22:00:00+03:00,17592.15,17660.35,17590.65,17646.15,4041,110,0
2025-04-21 22:15:00+03:00,17646.05,17696.45,17640.15,17662.05,3959,120,0
2025-04-21 22:30:00+03:00,17662.35,17743.55,17660.55,17731.35,4338,120,0
2025-04-21 22:45:00+03:00,17731.35,17836.85,17713.95,17806.95,4632,120,0
2025-04-21 23:00:00+03:00,17807.36,17813.66,17774.66,17789.56,3484,138,0
2025-04-21 23:15:00+03:00,17789.66,17799.06,17779.06,17787.06,1880,228,0
2025-04-21 23:30:00+03:00,17786.76,17802.86,17784.66,17793.16,1571,208,0
2025-04-21 23:45:00+03:00,17793.36,17803.16,17793.36,17803.16,482,208,0
2025-04-22 01:00:00+03:00,17787.85,17800.55,17775.25,17781.55,530,210,0
2025-04-22 01:15:00+03:00,17781.75,17783.35,17751.45,17757.65,750,200,0
2025-04-22 01:30:00+03:00,17757.65,17804.95,17757.65,17798.45,865,200,0
2025-04-22 01:45:00+03:00,17799.35,17800.15,17778.55,17780.05,980,190,0
2025-04-22 02:00:00+03:00,17780.05,17796.85,17778.85,17790.65,1119,190,0
2025-04-22 02:15:00+03:00,17790.55,17801.45,17781.05,17793.65,1057,190,0
2025-04-22 02:30:00+03:00,17793.75,17810.05,17788.85,17804.95,1273,190,0
2025-04-22 02:45:00+03:00,17805.05,17892.55,17793.55,17889.95,2826,200,0
2025-04-22 03:00:00+03:00,17889.85,17908.05,17876.25,17893.25,2708,210,0
2025-04-22 03:15:00+03:00,17893.35,17906.85,17873.05,17883.35,2435,210,0
2025-04-22 03:30:00+03:00,17883.55,17893.05,17862.45,17874.25,1858,200,0
2025-04-22 03:45:00+03:00,17874.95,17882.95,17869.85,17882.65,1563,190,0
2025-04-22 04:00:00+03:00,17883.05,17910.75,17875.25,17900.55,2132,200,0
2025-04-22 04:15:00+03:00,17900.85,17941.35,17890.25,17930.35,2529,210,0
2025-04-22 04:30:00+03:00,17930.35,17949.55,17929.55,17945.35,2648,210,0
2025-04-22 04:45:00+03:00,17945.45,17953.45,17907.95,17917.75,2441,200,0
2025-04-22 05:00:00+03:00,17917.55,17929.85,17905.55,17923.05,2139,200,0
2025-04-22 05:15:00+03:00,17922.85,17935.05,17900.25,17902.45,2074,210,0
2025-04-22 05:30:00+03:00,17901.45,17924.35,17899.35,17910.25,1719,200,0
2025-04-22 05:45:00+03:00,17910.25,17919.05,17905.25,17916.65,1555,200,0
2025-04-22 06:00:00+03:00,17916.85,17923.45,17837.05,17850.05,2390,200,0
2025-04-22 06:15:00+03:00,17850.35,17899.95,17848.05,17875.55,2205,200,0
2025-04-22 06:30:00+03:00,17876.05,17905.95,17873.35,17891.85,1744,200,0
2025-04-22 06:45:00+03:00,17891.65,17893.35,17861.35,17868.25,1639,200,0
2025-04-22 07:00:00+03:00,17868.05,17875.85,17863.55,17872.35,1345,200,0
2025-04-22 07:15:00+03:00,17872.05,17875.55,17865.85,17874.05,923,190,0
2025-04-22 07:30:00+03:00,17873.55,17880.75,17859.55,17880.35,1422,200,0
2025-04-22 07:45:00+03:00,17880.15,17881.85,17859.25,17872.65,1193,190,0
2025-04-22 08:00:00+03:00,17871.85,17898.95,17866.25,17879.45,1768,200,0
2025-04-22 08:15:00+03:00,17880.05,17886.85,17858.85,17874.45,1698,210,0
2025-04-22 08:30:00+03:00,17875.05,17890.45,17869.95,17885.05,1673,210,0
2025-04-22 08:45:00+03:00,17884.85,17886.05,17874.85,17884.55,1341,190,0
2025-04-22 09:00:00+03:00,17884.25,17915.85,17871.05,17906.85,2152,200,0
2025-04-22 09:15:00+03:00,17906.35,17920.45,17894.35,17918.75,1916,210,0
2025-04-22 09:30:00+03:00,17918.95,17933.85,17915.85,17932.85,1687,200,0
2025-04-22 09:45:00+03:00,17932.65,18048.05,17932.35,18033.55,3266,200,0
2025-04-22 10:00:00+03:00,18034.05,18057.55,17979.35,17981.45,3708,210,0
2025-04-22 10:15:00+03:00,17981.35,17997.55,17971.55,17990.35,3104,210,0
2025-04-22 10:30:00+03:00,17990.35,18001.95,17964.75,17991.45,2913,210,0
2025-04-22 10:45:00+03:00,17992.75,17992.85,17967.25,17972.45,2456,210,0
2025-04-22 11:00:00+03:00,17972.45,17983.75,17946.05,17947.55,3150,210,0
2025-04-22 11:15:00+03:00,17947.75,17978.25,17943.55,17972.35,2545,210,0
2025-04-22 11:30:00+03:00,17972.35,18009.75,17970.95,18000.75,2488,210,0
2025-04-22 11:45:00+03:00,18000.55,18001.25,17981.55,18000.25,2252,210,0
2025-04-22 12:00:00+03:00,18000.75,18007.55,17984.25,17991.05,2183,200,0
2025-04-22 12:15:00+03:00,17989.55,18002.75,17963.75,18000.55,2265,200,0
2025-04-22 12:30:00+03:00,18000.75,18001.45,17985.45,17987.85,1857,200,0
2025-04-22 12:45:00+03:00,17987.75,17993.35,17977.95,17979.25,1636,200,0
2025-04-22 13:00:00+03:00,17978.55,17989.75,17969.25,17989.35,2232,210,0
2025-04-22 13:15:00+03:00,17989.75,17991.25,17960.75,17971.25,2006,200,0
2025-04-22 13:30:00+03:00,17971.05,17990.45,17960.25,17979.45,2306,210,0
2025-04-22 13:45:00+03:00,17979.25,17987.75,17969.95,17981.95,1982,200,0
2025-04-22 14:00:00+03:00,17982.45,17986.95,17938.75,17950.95,2779,210,0
2025-04-22 14:15:00+03:00,17951.75,17973.85,17941.55,17964.95,2291,210,0
2025-04-22 14:30:00+03:00,17964.85,17979.05,17944.05,17951.05,2246,210,0
2025-04-22 14:45:00+03:00,17950.95,17966.25,17930.95,17941.25,2522,210,0
2025-04-22 15:00:00+03:00,17941.55,17957.85,17933.05,17954.35,2793,210,0
2025-04-22 15:15:00+03:00,17954.35,17978.35,17952.25,17978.25,2812,210,0
2025-04-22 15:30:00+03:00,17977.95,17987.35,17966.75,17986.75,2600,210,0
2025-04-22 15:45:00+03:00,17986.55,18026.35,17982.85,18025.25,2723,210,0
2025-04-22 16:00:00+03:00,18024.95,18033.75,18012.05,18019.85,2780,210,0
2025-04-22 16:15:00+03:00,18019.45,18042.85,18006.45,18039.25,2959,210,0
2025-04-22 16:30:00+03:00,18040.75,18097.55,17988.45,18097.15,4829,120,0
2025-04-22 16:45:00+03:00,18097.65,18141.45,18086.75,18139.65,4560,120,0
2025-04-22 17:00:00+03:00,18139.95,18192.45,18131.95,18158.25,4375,120,0
2025-04-22 17:15:00+03:00,18158.15,18186.55,18129.65,18166.45,4332,120,0
2025-04-22 17:30:00+03:00,18166.55,18206.15,18131.95,18199.55,4214,120,0
2025-04-22 17:45:00+03:00,18199.95,18241.55,18177.65,18227.95,4167,120,0
2025-04-22 18:00:00+03:00,18227.55,18264.55,18225.25,18260.25,4009,110,0
2025-04-22 18:15:00+03:00,18260.55,18271.75,18236.55,18238.65,4103,110,0
2025-04-22 18:30:00+03:00,18238.65,18245.25,18174.75,18179.25,4120,120,0
2025-04-22 18:45:00+03:00,18179.65,18278.75,18175.65,18265.75,4160,120,0
2025-04-22 19:00:00+03:00,18268.75,18352.15,18267.55,18349.95,4631,120,0
2025-04-22 19:15:00+03:00,18349.45,18400.05,18333.25,18382.15,4185,120,0
2025-04-22 19:30:00+03:00,18383.25,18393.45,18325.55,18358.05,4189,120,0
2025-04-22 19:45:00+03:00,18358.15,18365.55,18309.55,18335.85,4094,120,0
2025-04-22 20:00:00+03:00,18335.85,18378.35,18255.15,18270.25,4560,120,0
2025-04-22 20:15:00+03:00,18269.95,18273.35,18135.45,18145.25,4828,120,0
2025-04-22 20:30:00+03:00,18143.95,18198.85,18121.85,18167.15,4706,120,0
2025-04-22 20:45:00+03:00,18165.85,18171.95,18098.45,18108.85,4328,120,0
2025-04-22 21:00:00+03:00,18109.35,18197.15,18104.15,18195.15,4311,120,0
2025-04-22 21:15:00+03:00,18194.75,18243.75,18175.65,18233.35,4198,120,0
2025-04-22 21:30:00+03:00,18233.65,18256.95,18228.75,18244.65,4018,120,0
2025-04-22 21:45:00+03:00,18245.75,18285.45,18245.75,18268.45,3889,100,0
2025-04-22 22:00:00+03:00,18268.85,18281.45,18214.15,18222.65,4092,120,0
2025-04-22 22:15:00+03:00,18222.35,18228.65,18148.45,18159.35,4168,120,0
2025-04-22 22:30:00+03:00,18158.45,18223.35,18126.75,18209.85,4204,120,0
2025-04-22 22:45:00+03:00,18207.35,18291.75,18200.85,18263.35,4481,120,0
2025-04-22 23:00:00+03:00,18265.56,18320.86,18231.46,18243.46,2836,138,0
2025-04-22 23:15:00+03:00,18243.56,18256.66,18236.06,18256.66,1572,228,0
2025-04-22 23:30:00+03:00,18256.66,18266.16,18244.66,18252.36,1579,198,0
2025-04-22 23:45:00+03:00,18251.36,18251.36,18233.66,18236.56,570,228,0
2025-04-23 01:00:00+03:00,18631.45,18635.15,18531.95,18575.25,1784,210,0
2025-04-23 01:15:00+03:00,18575.95,18611.65,18553.75,18611.15,3163,210,0
2025-04-23 01:30:00+03:00,18611.15,18620.65,18567.05,18620.05,2821,210,0
2025-04-23 01:45:00+03:00,18620.45,18652.05,18611.15,18652.05,2440,210,0
2025-04-23 02:00:00+03:00,18652.05,18687.05,18640.15,18683.65,2759,210,0
2025-04-23 02:15:00+03:00,18683.75,18688.15,18619.95,18631.75,2527,210,0
2025-04-23 02:30:00+03:00,18631.05,18642.15,18614.75,18634.45,1809,200,0
2025-04-23 02:45:00+03:00,18634.55,18653.55,18619.45,18648.15,2080,200,0
2025-04-23 03:00:00+03:00,18649.25,18658.05,18614.05,18622.45,2692,210,0
2025-04-23 03:15:00+03:00,18622.55,18630.95,18583.55,18586.15,2635,210,0
2025-04-23 03:30:00+03:00,18586.05,18591.95,18562.45,18564.15,2478,210,0
2025-04-23 03:45:00+03:00,18564.05,18591.95,18561.25,18588.75,2216,210,0
2025-04-23 04:00:00+03:00,18589.55,18611.95,18575.05,18606.55,2248,210,0
2025-04-23 04:15:00+03:00,18606.75,18612.15,18586.05,18591.55,2283,210,0
2025-04-23 04:30:00+03:00,18591.75,18594.55,18519.75,18533.05,2876,210,0
2025-04-23 04:45:00+03:00,18532.95,18545.55,18512.25,18528.95,2415,210,0
2025-04-23 05:00:00+03:00,18529.05,18547.45,18514.25,18547.45,2197,210,0
2025-04-23 05:15:00+03:00,18547.45,18560.05,18537.15,18554.65,1629,200,0
2025-04-23 05:30:00+03:00,18554.25,18583.65,18552.25,18579.95,1729,200,0
2025-04-23 05:45:00+03:00,18580.65,18599.65,18569.55,18572.75,1703,200,0
2025-04-23 06:00:00+03:00,18572.05,18573.35,18549.45,18556.85,1636,190,0
2025-04-23 06:15:00+03:00,18557.25,18576.65,18553.45,18569.75,1380,200,0
2025-04-23 06:30:00+03:00,18568.75,18580.35,18560.65,18574.25,1509,200,0
2025-04-23 06:45:00+03:00,18574.25,18593.75,18564.75,18590.45,1439,190,0
2025-04-23 07:00:00+03:00,18590.15,18623.65,18587.75,18612.45,1804,200,0
2025-04-23 07:15:00+03:00,18612.65,18614.05,18594.65,18602.25,1327,190,0
2025-04-23 07:30:00+03:00,18602.25,18619.45,18601.45,18606.35,1279,190,0
2025-04-23 07:45:00+03:00,18605.55,18617.05,18605.05,18611.75,1067,180,0
2025-04-23 08:00:00+03:00,18611.55,18613.25,18581.05,18582.65,1828,200,0
2025-04-23 08:15:00+03:00,18582.65,18601.25,18569.15,18600.45,1783,200,0
2025-04-23 08:30:00+03:00,18600.55,18635.25,18595.45,18626.15,1922,200,0
2025-04-23 08:45:00+03:00,18626.15,18638.25,18618.65,18626.75,1887,200,0
2025-04-23 09:00:00+03:00,18627.45,18636.45,18618.15,18630.75,2246,210,0
2025-04-23 09:15:00+03:00,18630.95,18657.25,18619.55,18646.45,2291,210,0
2025-04-23 09:30:00+03:00,18646.55,18652.05,18618.95,18629.65,2019,210,0
2025-04-23 09:45:00+03:00,18629.55,18635.65,18622.75,18622.75,1927,210,0
2025-04-23 10:00:00+03:00,18624.45,18651.65,18601.65,18625.95,3584,210,0
2025-04-23 10:15:00+03:00,18626.05,18648.25,18615.55,18632.25,2988,210,0
2025-04-23 10:30:00+03:00,18630.75,18659.15,18628.45,18658.15,2806,210,0
2025-04-23 10:45:00+03:00,18658.25,18677.75,18646.05,18670.95,2260,210,0
2025-04-23 11:00:00+03:00,18670.75,18710.25,18662.75,18709.75,2595,210,0
2025-04-23 11:15:00+03:00,18709.25,18723.45,18695.25,18704.65,2546,210,0
